,brand,model,processor_brand,processor_name,processor_gnrtn,ram_gb,ram_type,ssd,hdd,os,os_bit,graphic_card_gb,weight,display_size,warranty,Touchscreen,msoffice,latest_price,old_price,discount,star_rating,ratings,reviews
0,Lenovo,A6-9225,AMD,A6-9225 Processor,10,4,DDR4,0,1024,Windows,64-bit,0,ThinNlight,Missing,0,No,No,24990,32790,23,3.7,63,12
1,Lenovo,Ideapad,AMD,APU Dual,10,4,DDR4,0,512,Windows,64-bit,0,Casual,Missing,0,No,No,19590,21325,8,3.6,1894,256
2,Avita,PURA,AMD,APU Dual,10,4,DDR4,128,0,Windows,64-bit,0,ThinNlight,Missing,0,No,No,19990,27990,28,3.7,1153,159
3,Avita,PURA,AMD,APU Dual,10,4,DDR4,128,0,Windows,64-bit,0,ThinNlight,Missing,0,No,No,21490,27990,23,3.7,1153,159
4,Avita,PURA,AMD,APU Dual,10,4,DDR4,256,0,Windows,64-bit,0,ThinNlight,Missing,0,No,No,24990,33490,25,3.7,1657,234
5,Avita,PURA,AMD,APU Dual,10,8,DDR4,256,0,Windows,64-bit,0,ThinNlight,14,0,No,No,24990,33490,25,3.7,1657,234
6,HP,APU,AMD,APU Dual,10,4,DDR4,0,1024,Windows,32-bit,0,Casual,14,0,No,No,20900,22825,8,3.9,1185,141
7,Lenovo,APU,AMD,APU Dual,10,4,DDR4,0,1024,Windows,64-bit,0,Casual,Missing,0,No,No,21896,0,0,3.9,219,18
8,HP,Athlon,AMD,Athlon Dual,10,32,DDR4,32,0,Windows,32-bit,4,Casual,14,0,No,No,26899,27668,2,0.0,0,0
9,acer,Aspire,AMD,Athlon Dual,10,4,DDR4,256,0,Windows,64-bit,0,Casual,Missing,1,No,No,31990,36990,13,4.2,76,13
10,ASUS,ExpertBook,Intel,Core i3,10,4,DDR4,0,1024,Windows,64-bit,0,Casual,15.6,0,No,No,34649,41990,17,2.3,3,0
11,Lenovo,Missing,Intel,Core i3,10,4,DDR4,0,1024,Windows,64-bit,0,Casual,Missing,0,No,No,38999,42705,8,3.8,65,5
12,Lenovo,v15,Intel,Core i3,10,4,DDR4,0,1024,Windows,64-bit,0,Casual,15.6,0,No,No,39999,43999,9,3.1,8,1
13,ASUS,ExpertBook,Intel,Core i5,10,8,DDR4,512,0,Windows,32-bit,2,Casual,Missing,0,No,No,69990,0,0,0.0,0,0
14,ASUS,VivoBook,Intel,Celeron Dual,0,4,DDR4,0,512,Windows,64-bit,0,Casual,Missing,0,No,No,26990,28990,6,0.0,0,0
15,ASUS,EeeBook,Intel,Celeron Dual,0,4,DDR4,0,512,Windows,64-bit,0,Casual,Missing,0,No,No,22990,27990,17,0.0,0,0
16,ASUS,EeeBook,Intel,Celeron Dual,0,4,DDR4,0,512,Windows,32-bit,0,Casual,Missing,0,No,No,21990,25990,15,3.5,31,3
17,ASUS,ExpertBook,Intel,Core i5,10,8,DDR4,0,1024,Windows,32-bit,2,Casual,14,0,No,No,58799,77990,24,0.0,0,0
18,Lenovo,Missing,Intel,Core i5,10,4,DDR4,0,1024,Windows,32-bit,0,Casual,14,0,No,No,49999,59000,15,0.0,0,0
19,acer,Aspire,AMD,Ryzen,10,4,DDR4,0,512,Windows,32-bit,4,Casual,Missing,0,No,No,54990,89000,38,4.5,3190,414
20,acer,Nitro,AMD,Ryzen 5,10,4,DDR4,0,512,Windows,32-bit,4,Casual,Missing,0,No,No,59990,99999,40,4.5,1946,240
21,acer,Nitro,AMD,Ryzen 5,10,4,DDR4,0,512,Windows,32-bit,6,Casual,Missing,0,No,No,93700,139000,32,4.5,259,47
22,acer,Nitro,AMD,Ryzen 5,10,4,DDR4,0,512,Windows,32-bit,4,Casual,Missing,0,No,No,72990,99999,27,4.5,425,67
23,Avita,Cosmos,Intel,Celeron Dual,0,4,DDR4,0,512,Windows,64-bit,0,Casual,Missing,0,No,No,17490,23490,25,3.6,1120,196
24,ASUS,ExpertBook,Intel,Core i3,11,4,DDR4,256,0,Windows,64-bit,0,Casual,Missing,0,No,No,35990,42990,16,0.0,0,0
25,HP,x360,Intel,Core i3,11,8,DDR4,256,0,Windows,64-bit,0,Casual,14,1,Yes,No,56490,64923,12,0.0,0,0
26,HP,x360,Intel,Core i5,11,8,DDR4,256,0,Windows,64-bit,0,Casual,14,1,No,No,65390,76436,14,0.0,0,0
27,Lenovo,IdeaPad,Intel,Celeron Dual,0,4,DDR4,256,0,Windows,64-bit,0,ThinNlight,14,0,No,No,31999,38999,17,4.0,286,19
28,HP,Celeron,Intel,Celeron Dual,0,8,DDR4,256,0,Windows,64-bit,0,ThinNlight,14,0,No,No,32490,39288,17,4.0,58,6
29,Lenovo,IdeaPad,Intel,Celeron Dual,0,4,DDR4,256,0,Windows,64-bit,0,ThinNlight,Missing,0,No,No,31799,36999,14,0.0,0,0
30,ASUS,VivoBook,Intel,Celeron Dual,0,4,DDR4,256,0,Windows,64-bit,0,Casual,Missing,0,No,No,29890,33990,12,4.0,7,0
31,ASUS,Celeron,Intel,Celeron Dual,0,4,DDR4,0,1024,Windows,64-bit,0,Casual,15.6,1,No,No,23990,26990,11,3.8,15279,1947
32,HP,15q,Intel,Core i3,7,4,DDR4,0,1024,Windows,64-bit,0,Casual,15.6,0,No,No,32955,0,0,4.2,311,27
33,HP,250-G6,Intel,Core i5,7,4,DDR4,0,1024,Windows,32-bit,2,Casual,15.6,0,No,No,46200,0,0,4.2,47,7
34,ASUS,Missing,Intel,Core i3,11,4,DDR4,256,0,Windows,64-bit,0,ThinNlight,14,0,No,No,34429,49990,31,4.1,37,6
35,Lenovo,IdeaPad,Intel,Core i3,10,8,DDR4,256,0,Windows,32-bit,0,ThinNlight,15.6,2,No,Yes,37990,57990,34,4.3,2080,235
36,ASUS,VivoBook,Intel,Core i3,11,4,DDR4,256,0,Windows,32-bit,0,Casual,15.6,1,No,Yes,35990,49990,28,4.3,1479,181
37,ASUS,VivoBook,Intel,Core i3,10,8,DDR4,256,0,Windows,64-bit,0,ThinNlight,14,0,No,No,33980,46990,27,4.4,67,3
38,HP,Missing,Intel,Core i3,11,8,DDR4,256,0,Windows,64-bit,0,ThinNlight,14,1,No,Yes,39990,50085,20,4.2,273,30
39,DELL,Vostro,Intel,Core i3,10,8,DDR4,256,0,Windows,64-bit,0,ThinNlight,14,1,No,Yes,39490,43312,8,4.3,1267,171
40,RedmiBook,15,Intel,Core i3,11,8,DDR4,256,0,Windows,32-bit,0,ThinNlight,15.6,1,No,No,38990,51999,25,4.3,1063,152
41,HP,Pavilion,Intel,Core i3,11,8,DDR4,256,0,Windows,64-bit,0,Casual,14,1,Yes,Yes,53990,63510,14,4.6,14,0
42,acer,Aspire,Intel,Core i3,11,8,DDR4,256,0,Windows,64-bit,0,ThinNlight,15.6,1,No,No,38990,52999,26,0.0,0,0
43,realme,Book,Intel,Core i3,11,8,DDR4,256,0,Windows,64-bit,0,ThinNlight,14,1,No,Yes,46990,54999,14,4.4,6352,1014
44,ASUS,Missing,Intel,Core i3,11,8,DDR4,256,0,Windows,64-bit,0,ThinNlight,15.6,1,No,No,37990,52990,28,4.3,284,39
45,ASUS,VivoBook,Intel,Core i3,11,8,DDR4,256,0,Windows,64-bit,0,Casual,14,1,No,Yes,37890,51990,27,4.6,44,5
46,Lenovo,IdeaPad,Intel,Core i3,11,8,DDR4,256,0,Windows,64-bit,0,ThinNlight,14,1,No,No,38990,60890,35,4.2,33,4
47,Lenovo,IdeaPad,Intel,Core i3,10,8,DDR4,256,0,Windows,64-bit,0,ThinNlight,14,0,No,No,37990,57990,34,4.2,286,36
48,DELL,Vostro,Intel,Core i3,11,8,DDR4,256,0,Windows,64-bit,0,ThinNlight,14.96,1,No,Yes,41990,54510,22,3.6,10,5
49,ASUS,VivoBook,Intel,Core i3,11,8,DDR4,256,0,Windows,64-bit,0,Casual,15.6,1,No,No,45990,58990,22,4.5,816,147
50,Lenovo,IdeaPad,Intel,Core i3,11,8,DDR4,256,0,Windows,64-bit,0,ThinNlight,15.6,1,No,No,39990,61590,35,4.3,543,65
51,DELL,Inspiron,Intel,Core i3,11,8,DDR4,256,0,Windows,64-bit,0,ThinNlight,15.6,0,No,No,42490,59654,28,4.8,9,1
52,Infinix,INBook,Intel,Core i3,10,8,LPDDR4X,256,0,Windows,64-bit,0,ThinNlight,14,0,No,No,32990,49999,34,4.3,1221,265
53,DELL,Vostro,Intel,Core i3,10,4,DDR4,256,0,Windows,64-bit,0,ThinNlight,14,1,No,Yes,36990,40614,8,4.3,1178,137
54,Lenovo,Ideapad,Intel,Core i3,11,8,DDR4,256,0,Windows,64-bit,0,Casual,14,1,Yes,Yes,53990,75490,28,4.4,299,41
55,ASUS,VivoBook,Intel,Core i3,11,8,DDR4,256,0,Windows,64-bit,0,ThinNlight,14,0,No,No,36990,52990,30,4.4,20,1
56,Lenovo,IdeaPad,Intel,Core i3,10,4,DDR4,256,0,Windows,64-bit,0,Casual,15.6,2,No,No,38940,48200,19,4.3,758,64
57,DELL,Inspiron,Intel,Core i3,10,4,DDR4,256,0,Windows,64-bit,0,Casual,15,1,No,Yes,39490,55490,28,4.4,634,64
58,Lenovo,Ideapad,Intel,Core i3,10,8,DDR4,256,0,Windows,64-bit,0,Casual,15.6,2,No,Yes,39999,59999,33,5.0,4,0
59,DELL,Inspiron,Intel,Core i3,11,8,DDR4,256,0,Windows,64-bit,0,ThinNlight,15.6,1,No,No,42990,56776,24,4.3,17,2
60,DELL,Inspiron,Intel,Core i3,11,8,DDR4,256,0,Windows,64-bit,0,Casual,14,1,Yes,No,49990,68658,27,4.2,24,5
61,DELL,Vostro,Intel,Core i3,11,8,DDR4,256,0,Windows,64-bit,0,ThinNlight,14,1,No,Yes,41490,55448,25,4.3,1753,165
62,DELL,Inspiron,Intel,Core i3,11,8,DDR4,256,0,Windows,64-bit,0,ThinNlight,14.96,0,No,No,41990,57670,27,4.2,216,21
63,Lenovo,Ideapad,Intel,Core i3,11,8,DDR4,256,0,Windows,64-bit,0,ThinNlight,14,1,No,Yes,41990,57290,26,4.4,1084,160
64,ASUS,VivoBook,Intel,Core i3,11,8,DDR4,256,0,Windows,64-bit,0,Casual,15.6,1,No,No,38490,51990,25,3.8,19,3
65,Lenovo,Missing,Intel,Core i3,11,4,DDR4,256,0,Windows,64-bit,0,ThinNlight,15,1,No,Yes,38990,51544,24,4.4,106,13
66,Lenovo,ThinkPad,Intel,Core i3,11,4,DDR4,256,0,Windows,64-bit,0,Casual,15.6,1,No,Yes,44990,59239,24,4.1,42,4
67,Lenovo,IdeaPad,Intel,Core i3,10,4,DDR4,256,0,Windows,64-bit,0,ThinNlight,14,0,No,No,36490,53790,32,0.0,0,0
68,Lenovo,Missing,Intel,Core i3,10,8,DDR4,256,0,Windows,32-bit,0,Casual,15.6,0,No,No,38970,56590,31,0.0,0,0
69,HP,Missing,Intel,Core i3,11,4,DDR4,256,0,Windows,64-bit,0,ThinNlight,Missing,1,No,Yes,44900,51000,11,4.2,1029,107
70,MSI,Missing,Intel,Core i3,10,4,DDR4,256,0,Windows,64-bit,0,ThinNlight,Missing,0,No,No,38990,53900,27,4.5,53,11
71,DELL,Vostro,Intel,Core i3,11,4,DDR4,256,0,Windows,64-bit,0,ThinNlight,Missing,0,No,No,44427,0,0,0.0,0,0
72,ASUS,VivoBook,Intel,Core i3,10,4,DDR4,256,0,Windows,64-bit,0,Casual,Missing,1,No,No,35990,46990,23,0.0,0,0
73,Lenovo,Ideapad,Intel,Core i3,10,4,DDR4,256,0,Windows,64-bit,0,Casual,Missing,1,No,Yes,40200,49999,19,3.9,48,1
74,Lenovo,Missing,Intel,Core i3,10,4,DDR4,256,0,Windows,32-bit,0,Casual,Missing,0,No,No,40990,56800,27,3.7,3,0
75,DELL,Inspiron,Intel,Core i3,10,4,DDR4,256,0,Windows,64-bit,0,ThinNlight,Missing,1,No,No,42490,54723,22,0.0,0,0
76,realme,Book,Intel,Core i3,11,4,DDR4,256,0,Windows,64-bit,0,ThinNlight,Missing,1,No,Yes,47999,54999,12,4.4,6352,1014
77,acer,Chromebook,Intel,Celeron Dual,0,4,DDR4,0,512,Windows,32-bit,0,Casual,Missing,0,No,No,23990,27000,11,3.3,61,4
78,DELL,Missing,Intel,Core i3,11,4,DDR4,256,0,Windows,64-bit,0,Casual,Missing,0,Yes,No,71999,72246,0,4.3,97,13
79,ASUS,VivoBook,Intel,Core i3,11,4,DDR4,256,0,Windows,64-bit,0,Casual,Missing,1,No,No,39990,52990,24,4.4,181,19
80,Lenovo,IdeaPad,Intel,Core i3,10,4,DDR4,256,0,Windows,64-bit,0,Casual,Missing,1,No,Yes,41998,56590,25,4.4,529,39
81,ASUS,Missing,Intel,Core i3,11,4,DDR4,256,0,Windows,32-bit,0,Casual,Missing,0,No,No,41990,52990,20,0.0,0,0
82,Lenovo,Ideapad,Intel,Core i3,10,4,DDR4,256,0,Windows,64-bit,0,Casual,Missing,2,No,Yes,39999,59999,33,0.0,0,0
83,ASUS,Commercial,Intel,Core i3,10,4,DDR4,256,0,Windows,32-bit,0,Casual,Missing,0,No,No,39990,47990,16,0.0,0,0
84,Lenovo,Ideapad,Intel,Core i3,11,4,DDR4,256,0,Windows,64-bit,0,Casual,Missing,0,No,No,39998,60090,33,4.2,10,1
85,HP,14s,Intel,Core i3,11,4,DDR4,256,0,Windows,64-bit,0,ThinNlight,Missing,1,No,Yes,42490,45892,7,4.4,5205,561
86,Lenovo,Missing,Intel,Core i3,10,4,DDR4,256,0,Windows,32-bit,0,Casual,Missing,0,No,No,41990,49800,15,3.7,3,0
87,ASUS,Missing,Intel,Core i3,11,4,DDR4,256,0,Windows,32-bit,0,Casual,Missing,0,No,No,48490,58990,17,0.0,0,0
88,HP,Missing,Intel,Core i3,11,4,DDR4,256,0,Windows,64-bit,0,ThinNlight,Missing,1,No,Yes,44376,45376,2,4.2,1090,96
89,DELL,Missing,Intel,Core i3,11,4,DDR4,256,0,Windows,32-bit,0,Casual,Missing,0,No,No,43900,57095,23,0.0,0,0
90,DELL,INSPIRON,Intel,Core i3,11,4,DDR4,256,0,Windows,64-bit,0,Casual,Missing,1,No,No,46690,57095,18,0.0,0,0
91,Lenovo,Missing,Intel,Core i3,10,4,DDR4,256,0,Windows,32-bit,0,Casual,Missing,0,No,No,40990,48900,16,5.0,1,1
92,DELL,Inspiron,Intel,Core i3,10,4,DDR4,256,0,Windows,64-bit,0,ThinNlight,Missing,1,No,No,39990,49821,19,4.0,44,2
93,Lenovo,V15,Intel,Core i3,11,4,DDR4,256,0,Windows,64-bit,0,ThinNlight,Missing,0,No,No,43990,50250,12,0.0,0,0
94,ASUS,VivoBook,Intel,Core i3,11,4,DDR4,256,0,Windows,64-bit,0,ThinNlight,Missing,1,No,No,36990,44990,17,4.5,70,9
95,DELL,Missing,Intel,Core i3,11,8,DDR4,256,0,Windows,64-bit,0,Casual,15.6,1,No,No,48500,58493,17,0.0,0,0
96,ASUS,VivoBook,Intel,Core i3,11,8,DDR4,256,0,Windows,64-bit,0,Casual,15.6,0,No,No,48990,58990,16,0.0,0,0
97,ASUS,Chromebook,Intel,Celeron Dual,0,4,LPDDR4,0,512,Windows,32-bit,0,Casual,Missing,0,No,No,23490,29990,21,4.2,632,92
98,HP,Pavilion,Intel,Core i3,8,4,DDR4,256,0,Windows,64-bit,0,Casual,14,1,Yes,Yes,54238,0,0,4.4,71,8
99,ASUS,VivoBook,Intel,Core i3,10,8,DDR4,512,0,Windows,64-bit,0,Casual,15.6,1,No,No,37990,50990,25,4.3,990,108
100,HP,Missing,Intel,Core i3,11,8,DDR4,512,0,Windows,64-bit,0,ThinNlight,15.6,1,No,Yes,42990,57330,25,4.4,158,18
101,HP,Missing,Intel,Core i3,11,8,DDR4,512,0,Windows,64-bit,0,ThinNlight,15.6,1,No,Yes,42990,49590,13,4.3,681,59
102,ASUS,VivoBook,Intel,Core i3,10,4,DDR4,512,0,Windows,64-bit,0,Casual,15.6,1,No,No,35990,49990,28,4.4,130,12
103,RedmiBook,15,Intel,Core i3,11,8,DDR4,512,0,Windows,32-bit,0,ThinNlight,15.6,1,No,No,42990,55999,23,4.3,1063,152
104,ASUS,VivoBook,Intel,Core i3,11,8,DDR4,512,0,Windows,64-bit,0,Casual,14,1,No,No,42990,57990,25,4.3,30,4
105,ASUS,VivoBook,Intel,Core i3,11,8,LPDDR4X,512,0,Windows,32-bit,0,Casual,14,1,Yes,Yes,51990,67990,23,4.7,6,2
106,ASUS,VivoBook,Intel,Core i3,11,8,DDR4,512,0,Windows,64-bit,0,Casual,15.6,1,No,No,48990,62990,22,4.5,174,30
107,ASUS,VivoBook,Intel,Core i3,11,8,DDR4,512,0,Windows,64-bit,0,Casual,14,1,No,No,42990,57990,25,4.5,40,7
108,Lenovo,Missing,Intel,Core i3,10,8,DDR4,512,0,Windows,64-bit,0,ThinNlight,15.6,1,No,No,38990,62190,37,3.9,13,1
109,DELL,Inspiron,Intel,Core i3,11,8,DDR4,512,0,Windows,64-bit,0,ThinNlight,14.96,0,No,No,45990,60908,24,4.3,184,29
110,HP,Missing,Intel,Core i3,10,8,DDR4,512,0,Windows,64-bit,0,ThinNlight,15.6,1,No,Yes,42490,50294,15,4.3,1296,126
111,HP,Missing,Intel,Core i3,11,8,DDR4,512,0,Windows,64-bit,0,ThinNlight,15.6,1,No,Yes,43970,50196,12,4.3,571,56
112,ASUS,Missing,Intel,Core i3,10,4,DDR4,512,0,Windows,64-bit,0,ThinNlight,15.6,1,No,Yes,39990,49990,20,4.3,2551,297
113,MSI,Missing,Intel,Core i3,11,8,DDR4,512,0,Windows,64-bit,0,ThinNlight,14,0,No,No,48990,49590,1,4.5,17,3
114,HP,Pavilion,Intel,Core i3,11,8,DDR4,512,0,Windows,64-bit,0,Casual,14,1,No,Yes,54990,69267,20,4.5,35,3
115,MSI,Missing,Intel,Core i3,10,8,DDR4,512,0,Windows,64-bit,0,ThinNlight,14,0,No,No,40990,55990,26,4.4,118,17
116,ASUS,VivoBook,Intel,Core i3,11,8,DDR4,512,0,Windows,64-bit,0,ThinNlight,14.1,1,No,Yes,41990,55990,25,0.0,0,0
117,Lenovo,IdeaPad,Intel,Core i3,11,8,DDR4,512,0,Windows,64-bit,0,ThinNlight,14,1,Yes,No,54990,79690,30,4.5,245,34
118,ASUS,VivoBook,Intel,Core i3,11,8,DDR4,512,0,Windows,64-bit,0,Casual,14,1,No,Yes,44990,46390,3,4.4,2058,305
119,HP,Missing,Intel,Core i3,11,8,DDR4,512,0,Windows,64-bit,0,Casual,15.6,1,No,No,41250,46602,11,4.1,117,11
120,HP,Missing,Intel,Core i3,11,8,DDR4,512,0,Windows,64-bit,0,ThinNlight,14,0,No,No,44990,52900,14,0.0,0,0
121,ASUS,VivoBook,Intel,Core i3,11,8,DDR4,512,0,Windows,64-bit,0,Casual,14,1,No,No,42990,57990,25,4.7,74,11
122,DELL,Missing,Intel,Core i3,11,8,DDR4,512,0,Windows,64-bit,0,Casual,14,1,Yes,No,60790,78307,22,4.4,10,1
123,HP,Missing,Intel,Core i3,11,8,DDR4,512,0,Windows,64-bit,0,Casual,15.6,0,No,No,45650,55202,17,4.1,39,4
124,DELL,Vostro,Intel,Core i3,10,8,DDR4,512,0,Windows,64-bit,0,ThinNlight,14,1,No,Yes,41990,49826,15,3.9,29,7
125,DELL,Inspiron,Intel,Core i3,10,8,DDR4,512,0,Windows,64-bit,0,ThinNlight,15.6,1,No,No,45490,60046,24,4.2,43,4
126,ASUS,VivoBook,Intel,Core i3,11,8,DDR4,512,0,Windows,64-bit,0,ThinNlight,14.1,1,No,Yes,44990,58990,23,0.0,0,0
127,Lenovo,IdeaPad,Intel,Core i3,11,8,DDR4,512,0,Windows,64-bit,0,ThinNlight,15.6,2,No,Yes,42990,63790,32,4.4,984,99
128,HP,15s,Intel,Core i3,11,4,DDR4,512,0,Windows,64-bit,0,ThinNlight,Missing,1,No,Yes,45490,46990,3,4.3,523,66
129,HP,Missing,Intel,Core i3,10,4,DDR4,512,0,Windows,32-bit,0,Casual,Missing,0,No,No,38799,47916,19,4.4,30,1
130,HP,Pavilion,Intel,Core i3,11,4,DDR4,512,0,Windows,64-bit,0,Casual,Missing,1,Yes,Yes,69267,0,0,0.0,0,0
131,ASUS,VivoBook,Intel,Core i3,11,4,DDR4,512,0,Windows,64-bit,0,Casual,Missing,1,No,Yes,51649,62990,18,0.0,0,0
132,HP,Missing,Intel,Core i3,11,4,DDR4,512,0,Windows,64-bit,0,ThinNlight,Missing,1,No,Yes,47990,51165,6,4.3,1605,215
133,ASUS,VivoBook,Intel,Core i3,10,4,DDR4,512,0,Windows,64-bit,0,Casual,Missing,1,No,No,40990,49990,18,4.4,4008,519
134,ASUS,Missing,Intel,Core i3,10,4,DDR4,512,0,Windows,64-bit,0,ThinNlight,Missing,1,No,Yes,42990,50990,15,4.4,1869,234
135,ASUS,VivoBook,Intel,Core i3,11,4,DDR4,512,0,Windows,64-bit,0,Casual,Missing,1,No,No,44890,56999,21,3.9,7,0
136,ASUS,VivoBook,Intel,Core i3,10,4,DDR4,512,0,Windows,64-bit,0,Casual,Missing,1,No,No,41490,49990,17,4.4,4008,519
137,HP,15s,Intel,Core i3,11,4,DDR4,512,0,Windows,32-bit,0,ThinNlight,Missing,1,No,No,50990,51748,1,0.0,0,0
138,HP,Missing,Intel,Core i3,11,4,DDR4,512,0,Windows,64-bit,0,ThinNlight,Missing,1,No,Yes,48900,50000,2,4.3,1278,135
139,DELL,Vostro,Intel,Core i3,10,4,DDR4,512,0,Windows,64-bit,0,Casual,Missing,0,No,No,41790,54784,23,0.0,0,0
140,Lenovo,Ideapad,Intel,Core i3,11,4,DDR4,512,0,Windows,64-bit,0,Casual,Missing,1,Yes,Yes,57999,85000,31,3.4,10,2
141,DELL,Inspiron,Intel,Core i3,11,8,DDR4,512,0,Windows,64-bit,0,ThinNlight,15.6,0,No,No,45930,58229,21,0.0,0,0
142,HP,Pavilion,Intel,Core i3,11,8,DDR4,512,0,Windows,64-bit,0,Casual,14,1,Yes,Yes,55490,65853,15,4.3,143,15
143,ASUS,VivoBook,Intel,Core i3,10,8,DDR4,0,1024,Windows,64-bit,0,Casual,14.1,1,No,No,32890,46990,30,3.9,28,4
144,Lenovo,IdeaPad,Intel,Core i3,10,8,DDR4,0,1024,Windows,64-bit,0,ThinNlight,15.6,1,No,Yes,35990,57290,37,4.0,2124,233
145,DELL,Inspiron,Intel,Core i3,11,8,DDR4,0,1024,Windows,64-bit,0,ThinNlight,15.6,0,No,No,42490,50693,16,4.0,276,40
146,DELL,Vostro,Intel,Core i3,11,8,DDR4,0,1024,Windows,64-bit,0,ThinNlight,14,0,No,No,42190,44780,5,3.9,250,21
147,DELL,Vostro,Intel,Core i3,10,8,DDR4,0,1024,Windows,64-bit,0,ThinNlight,14,1,No,Yes,39490,54517,27,4.0,1917,189
148,HP,15s,Intel,Core i3,11,8,DDR4,0,1024,Windows,64-bit,0,ThinNlight,15.6,1,No,Yes,43690,48933,10,4.1,4999,490
149,ASUS,VivoBook,Intel,Core i3,10,4,DDR4,0,1024,Windows,64-bit,0,Casual,15.6,1,No,No,35990,48990,26,3.8,17,0
150,DELL,3000,Intel,Core i3,11,8,DDR4,0,1024,Windows,32-bit,0,Casual,15.6,0,No,No,43800,55506,21,4.2,17,0
151,Lenovo,Missing,Intel,Core i3,10,8,DDR4,0,1024,Windows,32-bit,0,Casual,15.6,0,No,No,38990,55890,30,0.0,0,0
152,ASUS,VivoBook,Intel,Core i3,10,4,DDR4,0,1024,Windows,64-bit,0,ThinNlight,15.6,1,No,No,34990,40990,14,3.7,4203,490
153,ASUS,VivoBook,Intel,Core i3,11,8,DDR4,0,1024,Windows,64-bit,0,Casual,15.6,1,No,No,38900,51990,25,3.9,13,0
154,DELL,Inspiron,Intel,Core i3,10,4,DDR4,0,1024,Windows,64-bit,0,ThinNlight,Missing,1,No,No,39990,55534,27,3.8,15,1
155,DELL,INSPIRON,Intel,Core i3,10,4,DDR4,0,1024,Windows,32-bit,0,Casual,Missing,0,No,No,40890,45990,11,4.0,527,46
156,Lenovo,Missing,Intel,Core i3,10,4,DDR4,0,1024,Windows,64-bit,0,ThinNlight,Missing,1,No,No,36990,57990,36,3.7,103,10
157,HP,15s,Intel,Core i3,11,4,DDR4,0,1024,Windows,64-bit,0,ThinNlight,Missing,1,No,Yes,39990,45514,12,3.9,324,45
158,HP,Missing,Intel,Core i3,11,4,DDR4,0,1024,Windows,64-bit,0,ThinNlight,Missing,1,No,Yes,41990,47264,11,4.0,69,5
159,DELL,Missing,Intel,Core i3,11,4,DDR4,0,1024,Windows,32-bit,0,Casual,Missing,0,No,No,43970,46138,4,3.9,16,0
160,HP,Notebook,Intel,Core i3,11,4,DDR4,0,1024,Windows,64-bit,0,ThinNlight,Missing,1,No,No,39790,43296,8,3.9,40,3
161,ASUS,Missing,Intel,Core i3,10,4,DDR4,0,1024,Windows,32-bit,0,ThinNlight,Missing,0,No,No,35590,45990,22,3.4,12,1
162,HP,14s,Intel,Core i3,10,4,DDR4,0,1024,Windows,64-bit,0,ThinNlight,Missing,1,No,Yes,36490,42787,14,3.8,1146,175
163,ASUS,VivoBook,Intel,Core i3,10,4,DDR4,0,1024,Windows,64-bit,0,ThinNlight,Missing,1,No,Yes,38990,45990,15,4.0,1850,216
164,ASUS,Missing,Intel,Core i3,10,4,DDR4,0,1024,Windows,32-bit,0,ThinNlight,Missing,0,No,No,33990,39990,15,3.7,43,7
165,DELL,Inspiron,Intel,Core i3,10,4,DDR4,0,1024,Windows,64-bit,0,Casual,Missing,1,No,Yes,43400,49000,11,4.1,231,26
166,ASUS,Chromebook,Intel,Celeron Dual,0,4,LPDDR4,0,512,Windows,32-bit,0,Casual,Missing,0,No,No,24990,30990,19,4.2,502,93
167,HP,15s,Intel,Core i3,10,4,DDR4,0,1024,Windows,64-bit,0,ThinNlight,Missing,1,No,Yes,40750,43090,5,4.1,1096,116
168,DELL,Inspiron,Intel,Core i3,10,4,DDR4,0,1024,Windows,64-bit,0,ThinNlight,Missing,1,No,Yes,43000,46629,7,4.1,313,35
169,ASUS,Vivo,Intel,Core i3,10,4,DDR4,0,1024,Windows,64-bit,0,Casual,Missing,0,No,No,38000,42990,11,4.7,7,0
170,DELL,Inspiron,Intel,Core i3,11,8,DDR4,0,1024,Windows,64-bit,0,ThinNlight,14.96,1,No,Yes,37990,51493,26,3.7,265,46
171,HP,DA,Intel,Core i3,7,8,DDR4,0,1024,Windows,64-bit,2,Casual,15.6,0,No,No,49279,0,0,4.5,38,3
172,Lenovo,Missing,Intel,Core i3,10,8,DDR4,0,1024,Windows,32-bit,0,Casual,15.6,0,No,No,38999,50990,23,3.6,7,2
173,ASUS,Missing,Intel,Core i3,11,8,DDR4,0,1024,Windows,32-bit,0,Casual,15.6,0,No,No,41500,51990,20,3.0,4,0
174,acer,Missing,Intel,Core i3,11,4,DDR4,0,1024,Windows,32-bit,0,Casual,15.6,0,No,No,36999,45000,17,0.0,0,0
175,DELL,Missing,Intel,Core i3,11,8,DDR4,0,1024,Windows,32-bit,0,Casual,15.6,0,No,No,42900,55351,22,0.0,0,0
176,ASUS,Chromebook,Intel,Celeron Dual,0,4,LPDDR4,0,512,Windows,32-bit,0,Casual,Missing,0,No,No,21490,25990,17,3.9,818,113
177,DELL,Insprion,Intel,Core i3,11,8,DDR4,0,1024,Windows,32-bit,0,Casual,15.6,0,No,No,41480,48990,15,3.8,25,4
178,ASUS,VivoBook,Intel,Core i3,10,8,DDR4,0,1024,Windows,64-bit,0,Casual,15.6,0,No,No,32990,43990,25,2.0,12,0
179,ASUS,VivoBook,Intel,Core i3,11,8,DDR4,0,1024,Windows,64-bit,0,Casual,15.6,1,No,No,38680,51990,25,3.2,17,1
180,ASUS,Chromebook,Intel,Celeron Dual,0,4,LPDDR4,0,512,Windows,32-bit,0,Casual,Missing,0,No,No,23990,29990,20,4.1,974,170
181,DELL,Missing,Intel,Core i3,10,8,DDR4,0,1024,Windows,64-bit,0,ThinNlight,14.96,0,No,No,40390,54992,26,3.2,83,15
182,ASUS,VivoBook,Intel,Core i3,10,4,DDR4,0,1024,Windows,64-bit,0,ThinNlight,14.1,0,No,No,33990,39990,15,3.4,31,6
183,ASUS,Chromebook,Intel,Celeron Dual,0,4,LPDDR4,0,512,Windows,32-bit,0,Casual,Missing,0,No,No,20490,24990,18,3.9,637,91
184,DELL,Vostro,Intel,Core i3,10,8,DDR4,256,1024,Windows,64-bit,0,ThinNlight,15.6,1,No,Yes,41490,54782,24,5.0,7,5
185,DELL,Inspiron,Intel,Core i3,11,8,DDR4,256,1024,Windows,64-bit,0,Casual,15.6,0,No,No,45490,60371,24,4.3,207,16
186,DELL,Inspiron,Intel,Core i3,11,8,DDR4,256,1024,Windows,64-bit,0,Casual,15.6,0,No,No,44490,57479,22,4.3,844,103
187,ASUS,VivoBook,Intel,Core i3,11,8,DDR4,256,1024,Windows,64-bit,0,Casual,14.1,1,No,Yes,41890,57990,27,4.2,53,6
188,DELL,Vostro,Intel,Core i3,11,4,DDR4,256,1024,Windows,64-bit,0,ThinNlight,14,1,No,Yes,42990,43126,0,4.1,62,7
189,acer,Travelmate,Intel,Core i3,11,8,DDR4,256,1024,Windows,64-bit,0,Casual,14,0,No,No,40990,60000,31,4.2,38,2
190,DELL,Inspiron,Intel,Core i3,11,8,DDR4,256,1024,Windows,64-bit,0,ThinNlight,15.6,1,No,No,48990,59990,18,4.1,724,92
191,DELL,Vostro,Intel,Core i3,11,4,DDR4,256,1024,Windows,64-bit,0,ThinNlight,Missing,1,No,Yes,43590,59781,27,0.0,0,0
192,DELL,Inspiron,Intel,Core i3,10,4,DDR4,256,1024,Windows,64-bit,0,Casual,Missing,1,No,No,44690,60122,25,4.3,9,0
193,ASUS,ExpertBook,Intel,Core i3,10,4,DDR4,256,1024,Windows,64-bit,0,Casual,Missing,0,No,No,40990,51990,21,0.0,0,0
194,DELL,Vostro,Intel,Core i3,11,4,DDR4,256,1024,Windows,64-bit,0,ThinNlight,Missing,1,No,Yes,43990,56743,22,0.0,0,0
195,DELL,Vostro,Intel,Core i3,11,4,DDR4,256,1024,Windows,64-bit,0,ThinNlight,Missing,1,No,Yes,43590,57863,24,0.0,0,0
196,DELL,Vostro,Intel,Core i3,10,4,DDR4,256,1024,Windows,64-bit,0,ThinNlight,Missing,1,No,Yes,41390,51976,20,4.2,56,7
197,DELL,Vostro,Intel,Core i3,10,4,DDR4,256,1024,Windows,64-bit,0,ThinNlight,Missing,1,No,Yes,44290,57858,23,0.0,0,0
198,DELL,Inspiron,Intel,Core i3,11,4,DDR4,256,1024,Windows,64-bit,0,Casual,Missing,1,No,No,48999,57095,14,0.0,0,0
199,DELL,Vostro,Intel,Core i3,11,4,DDR4,256,1024,Windows,64-bit,0,ThinNlight,Missing,1,No,Yes,39990,45810,12,3.9,170,11
200,DELL,Missing,Intel,Core i3,10,8,DDR4,256,1024,Windows,64-bit,0,ThinNlight,15.6,0,No,No,46390,59101,21,2.9,95,5
201,ASUS,Chromebook,Intel,Celeron Dual,0,4,LPDDR4,0,512,Windows,64-bit,0,Casual,Missing,0,No,No,18990,22990,17,3.6,197,25
202,ASUS,Chromebook,Intel,Celeron Dual,0,4,LPDDR4,0,512,Windows,32-bit,0,Casual,Missing,0,No,No,17990,21990,18,3.6,1180,148
203,HP,14a,Intel,Celeron Dual,0,4,DDR4,0,512,Windows,64-bit,0,Casual,Missing,0,No,No,26470,31532,16,3.6,232,23
204,HP,Chromebook,Intel,Celeron Dual,0,4,DDR4,0,512,Windows,64-bit,0,Casual,Missing,0,No,No,27990,31532,11,3.8,596,65
205,Lenovo,Celeron,Intel,Celeron Dual,0,4,DDR4,0,1024,Windows,32-bit,0,Casual,15.6,0,No,No,29999,37400,19,3.3,19,1
206,Lenovo,IdeaPad,Intel,Celeron Dual,0,4,LPDDR4X,0,512,Windows,64-bit,0,Casual,Missing,0,No,No,25990,40490,35,3.7,84,16
207,Lenovo,IdeaPad,Intel,Celeron Dual,0,4,LPDDR4,0,512,Windows,32-bit,0,Casual,Missing,0,No,No,16990,24840,31,3.4,414,54
208,Lenovo,IdeaPad,Intel,Celeron Dual,0,4,LPDDR4,0,512,Windows,32-bit,0,Casual,Missing,0,No,No,24990,34890,28,2.8,70,16
209,acer,Predator,Intel,Core,0,4,DDR4,0,512,Windows,32-bit,0,Casual,Missing,0,No,No,99990,149999,33,4.5,1336,186
210,acer,Aspire,Intel,Core i5,0,8,DDR5,0,512,Windows,32-bit,4,Casual,Missing,0,No,No,50990,89999,43,4.4,10966,1185
211,acer,Spin,Intel,Core i5,0,8,LPDDR4,0,512,Windows,32-bit,0,Casual,Missing,1,No,No,119990,124900,3,4.0,1,1
212,acer,Swift,Intel,Core i5,10,8,LPDDR4,0,512,DOS,32-bit,0,Casual,Missing,0,No,No,94190,124999,24,4.3,31,6
213,ASUS,ROG,Intel,Core i5,10,8,LPDDR4,0,512,DOS,32-bit,4,Casual,Missing,0,No,No,106167,120990,12,4.5,1881,241
214,DELL,Missing,Intel,Core i5,10,8,LPDDR4,0,512,DOS,32-bit,4,Casual,Missing,1,No,No,68090,69500,2,1.6,23,4
215,DELL,XPS,Intel,Core i5,10,8,LPDDR4,0,512,DOS,32-bit,0,ThinNlight,Missing,1,No,No,139990,155720,10,0.0,0,0
216,HP,15s,Intel,Core i5,10,8,LPDDR4,0,512,DOS,32-bit,0,ThinNlight,Missing,0,No,No,55990,63179,11,4.0,818,109
217,HP,Omen,Intel,Core i5,10,8,LPDDR4,0,512,DOS,32-bit,4,Casual,Missing,0,No,No,102551,0,0,0.0,0,0
218,lenovo,Ideapad,Intel,Core i5,10,8,LPDDR4,0,512,DOS,32-bit,0,Casual,Missing,0,No,No,72990,90000,18,4.2,204,19
219,Lenovo,Ideapad,Intel,Core i5,10,8,LPDDR4,0,512,DOS,32-bit,2,Casual,Missing,0,No,No,46990,62290,24,4.2,4428,569
220,MICROSOFT,Surface,Intel,Core i5,10,8,LPDDR4X,128,0,Windows,64-bit,0,Casual,Missing,0,Yes,No,100190,104999,4,4.4,56,8
221,Smartron,t.book,Intel,Core i5,7,8,DDR3,128,0,Windows,64-bit,0,Casual,Missing,0,Yes,No,52990,55999,5,3.5,30,9
222,MICROSOFT,Surface,Intel,Core i5,8,8,DDR3,128,0,Windows,64-bit,0,Casual,Missing,0,Yes,No,91999,0,0,4.5,49,8
223,Smartron,t.book,Intel,Core i5,7,4,DDR3,128,0,Windows,64-bit,0,Casual,12.2,0,Yes,No,52990,55999,5,3.9,28,4
224,HP,Pavilion,Intel,Core i5,8,8,DDR4,128,0,Windows,64-bit,0,ThinNlight,13.3,1,No,No,76012,0,0,4.3,129,16
225,Lenovo,Ideapad,Intel,Core i5,11,8,DDR4,256,0,Windows,64-bit,0,Casual,15.6,2,No,Yes,49490,75390,34,4.3,365,35
226,lenovo,Yoga,Intel,Core i5,10,8,LPDDR4,0,512,DOS,32-bit,0,Casual,Missing,0,No,No,102990,139890,26,4.6,79,14
227,acer,Swift,Intel,Core i5,7,8,DDR3,256,0,Windows,64-bit,0,ThinNlight,Missing,1,No,Yes,86867,99999,13,4.4,39,3
228,LG,Gram,Intel,Core i5,10,8,DDR4,256,0,Windows,64-bit,0,Casual,Missing,0,No,No,76990,104000,25,4.5,15,7
229,LG,Gram,Intel,Core i5,11,8,DDR4,256,0,Windows,64-bit,0,ThinNlight,Missing,0,No,No,76990,106000,27,0.0,0,0
230,ASUS,VivoBook,Intel,Core i5,11,8,DDR4,256,0,Windows,64-bit,0,ThinNlight,Missing,1,No,No,48990,58990,16,0.0,0,0
231,LG,Gram,Intel,Core i5,10,8,DDR4,256,0,Windows,64-bit,0,Casual,Missing,0,No,No,62990,99000,36,4.6,68,20
232,DELL,Inspiron,Intel,Core i5,11,8,DDR4,256,0,Windows,64-bit,0,ThinNlight,Missing,0,No,No,55990,71578,21,3.3,3,0
233,acer,Swift,Intel,Core i5,8,8,DDR3,256,0,Windows,64-bit,0,ThinNlight,Missing,1,Yes,Yes,81998,82799,0,4.0,14,3
234,HP,Spectre,Intel,Core i5,8,8,DDR4,256,0,Windows,64-bit,0,Casual,Missing,1,Yes,Yes,136590,151133,9,0.0,0,0
235,acer,Swift,Intel,Core i5,8,8,DDR4,256,0,Windows,64-bit,0,ThinNlight,13.3,1,No,No,59490,65546,9,3.5,33,7
236,ASUS,VivoBook14,Intel,Core i5,11,8,DDR4,256,0,Windows,64-bit,0,ThinNlight,14.1,1,No,No,49800,66990,25,0.0,0,0
237,Lenovo,Ideapad,Intel,Core i5,11,8,DDR4,256,0,Windows,64-bit,0,Casual,15.6,1,No,Yes,61999,68999,10,2.8,4,0
238,HP,Missing,Intel,Core i5,11,8,DDR4,512,0,Windows,64-bit,0,ThinNlight,15.6,0,No,No,54990,70171,21,4.2,116,15
239,HP,Missing,Intel,Core i5,11,8,DDR4,512,0,Windows,64-bit,0,ThinNlight,15.6,1,No,No,53990,70171,23,4.1,206,17
240,Lenovo,Ideapad,Intel,Core i5,11,8,DDR4,512,0,Windows,64-bit,0,Casual,14,2,No,Yes,52990,74390,28,4.2,300,24
241,HP,Pavilion,Intel,Core i5,11,16,DDR4,512,0,Windows,64-bit,0,ThinNlight,14,1,No,Yes,67990,78294,13,4.5,108,6
242,ASUS,TUF,Intel,Core i5,10,8,DDR4,512,0,Windows,64-bit,4,Gaming,15.6,1,No,No,57990,81990,29,4.5,3712,412
243,Lenovo,Ideapad,Intel,Core i5,11,16,DDR4,512,0,Windows,64-bit,0,ThinNlight,15.6,1,No,Yes,62300,101390,38,4.4,825,95
244,realme,Book(Slim),Intel,Core i5,11,8,DDR4,512,0,Windows,64-bit,0,Casual,14,1,No,Yes,52990,69999,24,4.4,3470,505
245,Lenovo,Missing,Intel,Core i5,11,8,DDR4,512,0,Windows,64-bit,0,ThinNlight,15.6,1,No,No,52990,84890,37,0.0,0,0
246,Lenovo,IdeaPad,Intel,Core i5,11,8,DDR4,512,0,Windows,64-bit,0,ThinNlight,15.6,2,No,Yes,51990,88990,41,4.2,85,4
247,Lenovo,IdeaPad,Intel,Core i5,11,16,DDR4,512,0,Windows,64-bit,0,ThinNlight,14,0,No,No,61990,97890,36,4.2,56,7
248,RedmiBook,Pro,Intel,Core i5,11,8,DDR4,512,0,Windows,32-bit,0,ThinNlight,15.6,1,No,No,48990,59990,18,4.2,1708,242
249,ASUS,VivoBook,Intel,Core i5,11,8,LPDDR4X,512,0,Windows,32-bit,0,Casual,14,1,Yes,Yes,63990,82990,22,4.6,10,1
250,Lenovo,ThinkPad,Intel,Core i5,11,8,DDR4,512,0,Windows,64-bit,0,Casual,15.6,1,No,Yes,65990,78109,15,4.6,17,4
251,Nokia,PureBook,Intel,Core i5,10,8,DDR4,512,0,Windows,64-bit,0,ThinNlight,14,0,No,No,47990,90000,46,4.4,1119,242
252,acer,Aspire,Intel,Core i5,11,8,DDR4,512,0,Windows,64-bit,0,ThinNlight,15.6,1,No,No,52990,75999,30,4.2,155,20
253,Lenovo,IdeaPad,Intel,Core i5,10,8,DDR4,512,0,Windows,64-bit,0,ThinNlight,15.6,1,No,No,49990,79690,37,0.0,0,0
254,ASUS,ASUS,Intel,Core i5,11,8,DDR4,512,0,Windows,64-bit,4,Gaming,17.3,0,No,No,71990,115990,37,4.4,91,17
255,ASUS,VivoBook,Intel,Core i5,10,8,DDR4,512,0,Windows,64-bit,0,Casual,15.6,1,No,No,47990,62990,23,4.0,35,2
256,Nokia,PureBook,Intel,Core i5,10,8,DDR4,512,0,Windows,64-bit,0,ThinNlight,14,0,No,No,45990,74990,38,4.7,6,1
257,Lenovo,IdeaPad,Intel,Core i5,10,8,DDR4,512,0,Windows,32-bit,0,ThinNlight,15.6,2,No,Yes,48490,64290,24,4.3,126,13
258,ASUS,ASUS,Intel,Core i5,11,8,DDR4,512,0,Windows,64-bit,4,Gaming,17.3,0,No,No,72990,105990,31,4.5,74,10
259,MSI,Katana,Intel,Core i5,11,16,DDR4,512,0,Windows,64-bit,4,Casual,15.6,2,No,No,76990,106990,28,4.6,75,17
260,ASUS,TUF,Intel,Core i5,11,16,DDR4,512,0,Windows,64-bit,6,Gaming,15.6,1,No,Yes,89990,129990,30,4.6,124,17
261,MSI,GF63,Intel,Core i5,10,8,DDR4,512,0,Windows,64-bit,4,Casual,15.6,2,No,No,59990,83990,28,4.5,1597,228
262,ASUS,TUF,Intel,Core i5,10,8,DDR4,512,0,Windows,64-bit,4,Gaming,15.6,1,No,Yes,65990,89990,26,4.4,3850,378
263,DELL,Inspiron,Intel,Core i5,11,8,DDR4,512,0,Windows,64-bit,0,Casual,14,0,Yes,No,71990,94201,23,4.7,7,1
264,DELL,Inspiron,Intel,Core i5,11,8,DDR4,512,0,Windows,64-bit,0,Casual,14,0,Yes,No,71890,92549,22,4.3,3,0
265,Lenovo,IdeaPad,Intel,Core i5,11,16,DDR4,512,0,Windows,64-bit,0,ThinNlight,15.6,0,No,No,64990,97890,33,0.0,0,0
266,ASUS,VivoBook,Intel,Core i5,11,16,DDR4,512,0,Windows,64-bit,0,Casual,14,1,No,No,65990,90990,27,0.0,0,0
267,HP,Missing,Intel,Core i5,11,8,DDR4,512,0,Windows,64-bit,0,ThinNlight,15.6,0,No,No,55999,66050,15,4.8,5,1
268,ASUS,VivoBook,Intel,Core i5,11,16,DDR4,512,0,Windows,64-bit,4,Casual,14,1,No,No,73490,110990,33,4.5,213,45
269,HP,Pavilion,Intel,Core i5,11,16,DDR4,512,0,Windows,64-bit,0,ThinNlight,14,1,No,Yes,74490,85359,12,4.3,10,0
270,HP,Pavilion,Intel,Core i5,11,8,DDR4,512,0,Windows,64-bit,0,ThinNlight,14,1,No,Yes,58340,74839,22,4.0,69,6
271,acer,Aspire,Intel,Core i5,11,8,DDR4,512,0,Windows,64-bit,0,ThinNlight,14,1,No,No,55999,75999,26,4.5,6,0
272,DELL,Inspiron,Intel,Core i5,11,16,DDR4,512,0,Windows,64-bit,0,ThinNlight,14,0,No,No,67990,89849,24,4.4,93,9
273,ASUS,VivoBook,Intel,Core i5,11,16,DDR4,512,0,Windows,64-bit,0,Casual,14,1,No,No,59990,80990,25,4.5,11,2
274,ASUS,TUF,Intel,Core i5,11,16,DDR4,512,0,Windows,64-bit,6,Casual,15.6,1,No,Yes,82990,104990,20,4.4,262,31
275,DELL,Vostro,Intel,Core i5,11,8,DDR4,512,0,Windows,64-bit,2,Casual,14,1,No,Yes,64190,85391,24,0.0,0,0
276,DELL,Missing,Intel,Core i5,11,16,DDR4,512,0,Windows,64-bit,0,ThinNlight,14,0,No,No,70090,89395,21,4.0,5,1
277,realme,Book(Slim),Intel,Core i5,11,8,DDR4,512,0,Windows,64-bit,0,Casual,14,1,No,Yes,60999,69999,12,4.4,3470,505
278,ASUS,Missing,Intel,Core i5,10,8,DDR4,512,0,Windows,64-bit,2,ThinNlight,15.6,1,No,No,49990,64990,23,4.1,45,3
279,MSI,Missing,Intel,Core i5,11,8,DDR4,512,0,Windows,64-bit,0,ThinNlight,14,0,No,No,55490,66990,17,3.9,8,1
280,HP,Spectre,Intel,Core i5,11,8,LPDDR4X,512,0,Windows,64-bit,0,Casual,13.3,0,Yes,No,97990,114749,14,5.0,3,1
281,ASUS,VivoBook,Intel,Core i5,9,8,DDR4,512,0,Windows,64-bit,4,Gaming,15.6,1,No,Yes,54990,76990,28,4.4,1681,227
282,Lenovo,Thinkbook,Intel,Core i5,11,8,DDR4,512,0,Windows,64-bit,0,ThinNlight,15,1,No,Yes,59990,115167,47,4.3,37,2
283,Lenovo,IdeaPad,Intel,Core i5,11,8,DDR4,512,0,Windows,64-bit,0,ThinNlight,15.6,1,No,Yes,53990,79890,32,4.2,61,2
284,HP,Pavilion,Intel,Core i5,11,16,DDR4,512,0,Windows,64-bit,0,ThinNlight,14,1,No,Yes,66999,79445,15,4.4,17,1
285,acer,Intel,Intel,Core i5,11,8,LPDDR4X,512,0,Windows,64-bit,0,ThinNlight,14,1,No,Yes,60990,89999,32,4.4,17,1
286,ASUS,Missing,Intel,Core i5,10,8,DDR4,512,0,Windows,64-bit,0,ThinNlight,15.6,1,No,Yes,47990,62990,23,4.3,1625,152
287,HP,Missing,Intel,Core i5,11,8,DDR4,512,0,Windows,32-bit,0,ThinNlight,14,1,No,Yes,59999,81684,26,4.0,4,1
288,DELL,G15,Intel,Core i5,10,16,DDR4,512,0,Windows,64-bit,4,Casual,15.6,1,No,No,79990,103102,22,0.0,0,0
289,ASUS,TUF,Intel,Core i5,10,8,DDR4,512,0,Windows,64-bit,4,Gaming,15.6,1,No,No,63990,74990,14,0.0,0,0
290,HP,Pavilion,Intel,Core i5,11,8,DDR4,512,0,Windows,64-bit,0,ThinNlight,15.6,1,No,Yes,63990,77327,17,4.7,17,1
291,ASUS,VivoBook,Intel,Core i5,11,16,DDR4,512,0,Windows,64-bit,0,Casual,14,1,No,No,59990,80990,25,0.0,0,0
292,Lenovo,IdeaPad,Intel,Core i5,11,8,DDR4,512,0,Windows,64-bit,0,ThinNlight,14,1,No,No,55990,89790,37,0.0,0,0
293,HP,Pavilion,Intel,Core i5,11,8,DDR4,512,0,Windows,64-bit,0,ThinNlight,15.6,1,No,Yes,63990,75023,14,4.7,3,0
294,DELL,Vostro,Intel,Core i5,11,16,DDR4,512,0,Windows,64-bit,2,Casual,14,1,No,Yes,69490,92552,24,0.0,0,0
295,DELL,Inspiron,Intel,Core i5,11,16,DDR4,512,0,Windows,64-bit,0,Casual,14,1,Yes,Yes,89390,109353,18,0.0,0,0
296,ASUS,ZenBook,Intel,Core i5,11,8,LPDDR4X,512,0,Windows,64-bit,0,ThinNlight,13.3,0,No,No,74990,86990,13,0.0,0,0
297,Lenovo,Thinkbook,Intel,Core i5,11,8,DDR4,512,0,Windows,64-bit,0,Casual,14,3,Yes,Yes,64990,151557,57,4.0,48,12
298,Lenovo,Legion,Intel,Core i5,10,8,DDR4,512,0,Windows,64-bit,4,Casual,15.6,1,No,Yes,66490,93690,29,4.4,282,36
299,DELL,Inspiron,Intel,Core i5,11,16,DDR4,512,0,Windows,64-bit,2,Casual,15.6,1,No,Yes,89702,0,0,0.0,0,0
300,Lenovo,Ideapad,Intel,Core i5,11,16,DDR4,512,0,Windows,64-bit,2,Casual,15.6,1,No,Yes,70990,104890,32,4.2,67,4
301,Infinix,INBook,Intel,Core i5,10,8,LPDDR4X,512,0,Windows,64-bit,0,ThinNlight,14,0,No,No,42490,59999,29,4.1,383,65
302,ASUS,VivoBook,Intel,Core i5,11,16,DDR4,512,0,Windows,64-bit,0,Casual,17.3,1,Yes,Yes,58990,85990,31,0.0,0,0
303,Lenovo,Ideapad,Intel,Core i5,10,8,DDR4,512,0,Windows,64-bit,2,Casual,15.6,1,No,Yes,57500,86720,33,0.0,0,0
304,DELL,Inspiron,Intel,Core i5,11,8,DDR4,512,0,Windows,64-bit,2,Casual,14,1,Yes,Yes,79990,97946,18,4.6,23,2
305,MSI,Modern,Intel,Core i5,10,8,DDR4,512,0,Windows,64-bit,0,Casual,14,0,No,No,56541,61990,8,4.4,677,87
306,ASUS,Missing,Intel,Core i5,11,16,DDR4,512,0,Windows,64-bit,0,ThinNlight,17.3,0,No,No,59990,82990,27,3.3,3,0
307,Lenovo,ThinkBook,Intel,Core i5,11,16,DDR4,512,0,Windows,64-bit,0,Casual,13,1,No,Yes,64990,120708,46,4.4,46,4
308,DELL,Missing,Intel,Core i5,11,8,DDR4,512,0,Windows,64-bit,0,ThinNlight,14,1,No,No,61290,73774,16,3.0,4,1
309,Lenovo,Missing,Intel,Core i5,11,8,DDR4,512,0,Windows,64-bit,0,ThinNlight,14,1,No,Yes,54990,66470,17,4.2,9,1
310,Lenovo,ThinkBook,Intel,Core i5,11,8,DDR4,512,0,Windows,64-bit,0,Casual,Missing,1,No,Yes,59990,112608,46,4.4,26,4
311,ASUS,ASUS,Intel,Core i5,11,8,DDR4,512,0,Windows,32-bit,6,Casual,16,1,No,No,84990,129990,34,5.0,5,0
312,HP,Pavilion,Intel,Core i5,11,8,DDR4,512,0,Windows,64-bit,0,ThinNlight,16,1,No,Yes,72500,80900,10,4.4,40,3
313,Lenovo,IdeaPad,Intel,Core i5,11,8,DDR4,512,0,Windows,64-bit,4,Gaming,Missing,0,No,No,59990,93690,35,3.9,44,6
314,Lenovo,Yoga,Intel,Core i5,11,8,DDR4,512,0,Windows,64-bit,0,Casual,16,1,Yes,Yes,87990,125890,30,4.7,28,6
315,HP,14s,Intel,Core i5,11,8,DDR4,512,0,Windows,64-bit,0,ThinNlight,Missing,0,No,No,57990,63179,8,4.3,1541,123
316,DELL,Inspiron,Intel,Core i5,11,8,DDR4,512,0,Windows,64-bit,0,ThinNlight,16,1,No,Yes,69490,69736,0,4.2,72,7
317,Lenovo,Thinkbook,Intel,Core i5,11,8,DDR4,512,0,Windows,64-bit,0,Casual,16,3,Yes,Yes,68990,159180,56,4.6,44,8
318,Lenovo,Missing,Intel,Core i5,11,8,DDR4,512,0,Windows,32-bit,0,Casual,16,1,No,Yes,77990,80366,2,4.3,17,2
319,ASUS,ZenBook,Intel,Core i5,11,8,LPDDR4X,512,0,Windows,64-bit,0,Casual,16,1,Yes,No,105990,140990,24,4.4,59,11
320,MSI,Prestige,Intel,Core i5,11,8,LPDDR4X,512,0,Windows,64-bit,0,Casual,16,1,No,No,79990,95990,16,0.0,0,0
321,DELL,Vostro,Intel,Core i5,11,8,DDR4,512,0,Windows,64-bit,0,ThinNlight,Missing,1,No,Yes,55490,80711,31,4.1,337,27
322,Lenovo,IdeaPad,Intel,Core i5,11,8,DDR4,512,0,Windows,64-bit,0,ThinNlight,16,1,No,Yes,69990,104890,33,4.6,10,2
323,ASUS,Zenbook,Intel,Core i5,11,8,DDR4,512,0,Windows,64-bit,0,Casual,Missing,1,Yes,Yes,84990,116990,27,4.2,10,2
324,DELL,Inspiron,Intel,Core i5,11,8,DDR4,512,0,Windows,64-bit,0,ThinNlight,Missing,0,No,No,59990,76143,21,3.8,31,7
325,DELL,XPS,Intel,Core i5,10,8,LPDDR4X,512,0,Windows,64-bit,0,ThinNlight,Missing,1,No,Yes,111890,154446,27,0.0,0,0
326,DELL,Inspiron,Intel,Core i5,11,8,DDR4,512,0,Windows,64-bit,2,Casual,Missing,1,No,No,65990,88037,25,4.3,10,0
327,ASUS,Zenbook,Intel,Core i5,11,8,LPDDR4X,512,0,Windows,32-bit,0,Casual,Missing,1,No,Yes,72990,90990,19,4.7,76,14
328,DELL,Inspiron,Intel,Core i5,11,8,DDR4,512,0,Windows,64-bit,0,ThinNlight,16,1,No,Yes,71090,89849,20,4.1,44,6
329,MSI,Katana,Intel,Core i5,11,8,DDR4,512,0,Windows,64-bit,4,Casual,Missing,2,No,No,74990,95990,21,0.0,0,0
330,ASUS,ZenBook,Intel,Core i5,10,8,LPDDR3,512,0,Windows,64-bit,0,Casual,Missing,1,No,Yes,79990,98990,19,4.4,11,3
331,MSI,Modern,Intel,Core i5,11,8,DDR4,512,0,Windows,64-bit,0,Casual,Missing,1,No,No,55490,67990,18,4.3,138,16
332,DELL,Vostro,Intel,Core i5,11,8,DDR4,512,0,Windows,64-bit,2,ThinNlight,Missing,1,No,Yes,66490,87168,23,4.1,199,17
333,ASUS,VivoBook,Intel,Core i5,11,8,DDR4,512,0,Windows,64-bit,0,Casual,Missing,1,No,Yes,53400,69500,23,4.1,46,6
334,DELL,Inspiron,Intel,Core i5,11,8,DDR4,512,0,Windows,64-bit,0,Casual,Missing,1,Yes,Yes,74500,78990,5,4.4,45,5
335,DELL,XPS,Intel,Core i5,11,8,LPDDR4X,512,0,Windows,64-bit,0,ThinNlight,16,1,No,Yes,114990,115729,0,0.0,0,0
336,DELL,Vostro,Intel,Core i5,11,8,DDR4,512,0,Windows,64-bit,2,ThinNlight,Missing,0,No,No,61990,68859,9,4.1,35,4
337,APPLE,MacBook,Intel,Core i5,10,8,LPDDR4X,512,0,Mac,64-bit,0,Casual,16,1,No,No,159990,174900,8,4.4,32,5
338,APPLE,MacBook,Intel,Core i5,8,8,DDR3,512,0,Mac,64-bit,0,Casual,Missing,1,No,No,172090,179900,4,4.2,108,13
339,MSI,Sword,Intel,Core i5,11,8,DDR4,512,0,Windows,64-bit,4,Casual,Missing,0,No,No,74990,95990,21,0.0,0,0
340,MSI,Modern,Intel,Core i5,10,8,DDR4,512,0,Windows,64-bit,0,Casual,Missing,1,No,No,56490,57240,1,4.5,814,112
341,Lenovo,ThinkPad,Intel,Core i5,10,8,DDR4,512,0,Windows,64-bit,0,ThinNlight,16,3,No,No,147000,0,0,0.0,0,0
342,Lenovo,Ideapad,Intel,Core i5,11,8,DDR4,512,0,Windows,64-bit,0,ThinNlight,Missing,1,No,Yes,55990,65438,14,4.2,75,9
343,HP,Pavilion,Intel,Core i5,11,8,DDR4,512,0,Windows,64-bit,4,Gaming,Missing,1,No,Yes,77990,93565,16,0.0,0,0
344,HP,Envy,Intel,Core i5,10,8,DDR4,512,0,Windows,64-bit,4,Casual,16,1,No,Yes,106490,138366,23,4.7,3,0
345,Lenovo,IdeaPad,Intel,Core i5,11,8,DDR4,512,0,Windows,32-bit,2,Casual,16,1,No,Yes,70990,113290,37,4.6,11,3
346,Lenovo,ThinkPad,Intel,Core i5,11,8,DDR4,512,0,Windows,64-bit,0,Casual,Missing,1,No,Yes,64990,77487,16,4.4,125,11
347,acer,Aspire,Intel,Core i5,11,8,DDR4,512,0,Windows,64-bit,0,Casual,Missing,1,No,No,57990,65000,10,0.0,0,0
348,ASUS,TUF,Intel,Core i5,10,8,DDR4,512,0,Windows,64-bit,4,Gaming,Missing,1,No,No,64990,81990,20,4.5,4,0
349,MSI,Modern,Intel,Core i5,10,8,DDR4,512,0,Windows,64-bit,0,Casual,Missing,1,No,No,54990,61990,11,4.4,714,147
350,Vaio,SE,Intel,Core i5,8,8,DDR4,512,0,Windows,64-bit,0,ThinNlight,Missing,2,No,Yes,62890,84690,25,4.0,85,14
351,HP,Spectre,Intel,Core i5,11,8,LPDDR4X,512,0,Windows,64-bit,0,Casual,16,0,Yes,No,111999,146194,23,0.0,0,0
352,Lenovo,Yoga,Intel,Core i5,10,8,LPDDR4X,512,0,Windows,64-bit,2,Casual,Missing,1,No,Yes,70798,101090,29,4.0,21,3
353,Lenovo,Legion,Intel,Core i5,9,8,DDR4,512,0,Windows,64-bit,4,Casual,Missing,0,No,No,59990,84990,29,3.8,9,1
354,acer,ConceptD,Intel,Core i5,8,8,DDR4,512,0,Windows,64-bit,4,Casual,Missing,1,No,No,99500,119999,17,0.0,0,0
355,HP,14s,Intel,Core i5,10,8,DDR4,512,0,Windows,64-bit,0,ThinNlight,Missing,1,No,Yes,55990,77996,28,4.2,30,4
356,ASUS,ZenBook,Intel,Core i5,8,8,LPDDR3,512,0,Windows,64-bit,0,ThinNlight,Missing,1,No,No,72990,90990,19,4.2,44,4
357,acer,Swift,Intel,Core i5,8,8,DDR3,512,0,Windows,64-bit,0,ThinNlight,Missing,1,No,No,64990,87999,26,3.8,4,1
358,ASUS,Missing,Intel,Core i5,11,8,DDR4,512,0,Windows,64-bit,0,ThinNlight,Missing,0,No,No,57990,70990,18,0.0,0,0
359,HP,HP,Intel,Core i5,11,8,DDR4,512,0,Windows,64-bit,2,Casual,16,1,Yes,Yes,76990,99203,22,4.4,14,2
360,Lenovo,Ideapad,Intel,Core i5,11,8,DDR4,512,0,Windows,64-bit,0,Casual,Missing,2,No,Yes,62998,79890,21,4.3,739,71
361,DELL,Inspiron,Intel,Core i5,11,8,DDR4,512,0,Windows,64-bit,0,Casual,16,1,Yes,Yes,77990,98200,20,4.5,31,5
362,HP,Spectre,Intel,Core i5,10,8,DDR4,512,0,Windows,64-bit,0,Casual,Missing,1,Yes,Yes,114990,122803,6,4.4,145,19
363,DELL,DELL,Intel,Core i5,10,8,DDR4,512,0,Windows,64-bit,2,Casual,Missing,1,No,Yes,65990,75800,12,0.0,0,0
364,DELL,Inspiron,Intel,Core i5,11,8,DDR4,512,0,Windows,64-bit,2,Casual,16,1,No,Yes,88990,90605,1,3.8,19,2
365,Lenovo,X390,Intel,Core i5,10,8,DDR4,512,0,Windows,64-bit,0,Casual,Missing,0,No,No,113590,120000,5,0.0,0,0
366,Mi,Notebook,Intel,Core i5,10,8,DDR4,512,0,Windows,64-bit,2,Casual,Missing,1,No,No,54990,59999,8,4.3,545,74
367,ASUS,VivoBook,Intel,Core i5,11,8,LPDDR4X,512,0,Windows,64-bit,0,Casual,Missing,1,Yes,Yes,73990,84990,12,4.2,32,6
368,LG,Gram,Intel,Core i5,11,8,DDR4,512,0,Windows,64-bit,0,ThinNlight,Missing,0,No,No,86990,130000,33,0.0,0,0
369,HP,Missing,Intel,Core i5,11,8,DDR4,512,0,Windows,64-bit,0,ThinNlight,Missing,1,No,Yes,61000,68000,10,4.3,1124,100
370,ASUS,ZenBook,Intel,Core i5,11,8,LPDDR4X,512,0,Windows,64-bit,0,Casual,Missing,1,Yes,No,99990,122990,18,4.9,35,6
371,Lenovo,ThinkPad,Intel,Core i5,11,8,DDR4,512,0,Windows,64-bit,0,ThinNlight,Missing,1,No,Yes,67990,76915,11,4.8,9,0
372,DELL,Inspiron,Intel,Core i5,11,8,DDR4,512,0,Windows,64-bit,0,Casual,Missing,1,Yes,Yes,70799,89564,20,4.7,98,6
373,Lenovo,ThinkPad,Intel,Core i5,11,8,DDR4,512,0,Windows,64-bit,0,ThinNlight,Missing,1,No,Yes,65990,75879,13,4.1,31,2
374,ASUS,VivoBook,Intel,Core i5,8,8,DDR4,512,0,Windows,64-bit,0,ThinNlight,Missing,1,No,No,53690,58990,8,4.4,19,3
375,MSI,Modern,Intel,Core i5,11,8,DDR4,512,0,Windows,64-bit,0,ThinNlight,Missing,1,No,No,55990,67990,17,0.0,0,0
376,ASUS,VivoBook,Intel,Core i5,11,8,DDR4,512,0,Windows,64-bit,0,Casual,Missing,1,No,Yes,53190,69990,24,4.5,11,0
377,Lenovo,IdeaPad,Intel,Core i5,10,8,DDR4,512,0,Windows,32-bit,2,Casual,Missing,2,No,Yes,58999,65999,10,4.4,45,3
378,DELL,Inspiron,Intel,Core i5,11,8,DDR4,512,0,Windows,64-bit,2,ThinNlight,Missing,3,No,No,71990,86000,16,0.0,0,0
379,HP,Missing,Intel,Core i5,11,8,DDR4,512,0,Windows,32-bit,4,Casual,Missing,0,No,No,82000,89000,7,0.0,0,0
380,ASUS,ZenBook,Intel,Core i5,11,8,LPDDR4X,512,0,Windows,64-bit,0,ThinNlight,16,0,No,No,84990,104990,19,0.0,0,0
381,Lenovo,Thinpad,Intel,Core i5,11,8,DDR4,512,0,Windows,64-bit,2,Casual,Missing,0,No,No,89998,101525,11,0.0,0,0
382,ASUS,ZenBook,Intel,Core i5,11,8,LPDDR4X,512,0,Windows,64-bit,0,Casual,Missing,1,Yes,No,99990,122990,18,0.0,0,0
383,ASUS,Zenbook,Intel,Core i5,11,8,LPDDR4X,512,0,Windows,64-bit,0,ThinNlight,Missing,0,No,No,84990,110990,23,0.0,0,0
384,Lenovo,IdeaPad,Intel,Core i5,10,8,DDR4,512,0,Windows,64-bit,4,Gaming,Missing,0,No,No,69899,73899,5,4.3,474,37
385,DELL,Inpiron,Intel,Core i5,10,8,DDR4,512,0,Windows,64-bit,4,Casual,Missing,1,No,No,79990,117587,31,0.0,0,0
386,DELL,GAMING,Intel,Core i5,10,8,DDR4,512,0,Windows,64-bit,4,Casual,Missing,1,No,No,76300,79999,4,4.2,6,0
387,Lenovo,Ideapad,Intel,Core i5,10,8,DDR4,512,0,Windows,64-bit,0,Casual,Missing,1,No,Yes,55999,89999,37,0.0,0,0
388,DELL,Inspiron,Intel,Core i5,11,8,DDR4,512,0,Windows,64-bit,0,ThinNlight,Missing,0,No,No,72900,74900,2,3.9,24,4
389,DELL,Inspiron,Intel,Core i5,11,8,DDR4,512,0,Windows,64-bit,0,Casual,Missing,1,Yes,Yes,73990,92600,20,4.5,195,17
390,ASUS,ZenBook,Intel,Core i5,11,8,LPDDR4,512,0,Windows,64-bit,0,ThinNlight,16,0,No,No,84990,104990,19,0.0,0,0
391,DELL,Missing,Intel,Core i5,11,8,DDR4,512,0,Windows,32-bit,2,Casual,16,0,No,No,73519,88400,16,0.0,0,0
392,HP,Spectre,Intel,Core i5,10,8,DDR4,512,0,Windows,64-bit,0,Casual,Missing,1,Yes,No,126000,152042,17,5.0,2,1
393,lenovo,Yoga,Intel,Core i5,10,8,LPDDR4,0,512,DOS,32-bit,0,Casual,Missing,0,No,No,171998,237890,27,0.0,0,0
394,ASUS,ASUS,Intel,Core i5,11,8,DDR4,512,0,Windows,64-bit,6,Casual,16,1,No,No,88990,129990,31,0.0,0,0
395,HP,HP,Intel,Core i5,11,8,DDR4,512,0,Windows,64-bit,0,ThinNlight,16,1,Yes,Yes,114999,138166,16,0.0,0,0
396,DELL,Inspiron,Intel,Core i5,11,8,DDR4,512,0,Windows,64-bit,2,Casual,16,1,Yes,Yes,82990,94600,12,4.5,21,2
397,acer,Intel,Intel,Core i5,11,8,DDR4,512,0,Windows,64-bit,0,ThinNlight,Missing,0,Yes,No,109999,0,0,0.0,0,0
398,Lenovo,Yoga,Intel,Core i5,11,8,DDR4,512,0,Windows,64-bit,0,ThinNlight,16,1,Yes,Yes,82990,117490,29,0.0,0,0
399,DELL,Inspiron,Intel,Core i5,11,8,DDR4,512,0,Windows,64-bit,2,Casual,Missing,1,Yes,Yes,79990,88600,9,4.8,5,0
400,ASUS,ZenBook,Intel,Core i5,11,8,LPDDR4X,512,0,Windows,64-bit,0,Casual,16,1,Yes,No,114990,140990,18,0.0,0,0
401,HP,Spectre,Intel,Core i5,11,8,LPDDR4X,512,0,Windows,64-bit,0,Casual,16,1,Yes,No,129999,155436,16,0.0,0,0
402,MSI,GS,Intel,Core i5,8,8,DDR5,512,0,Windows,32-bit,6,Casual,Missing,0,No,No,149990,169990,11,4.1,10,3
403,DELL,Inspiron,Intel,Core i5,11,8,DDR4,512,0,Windows,64-bit,2,Casual,16,0,No,No,71290,95136,25,0.0,0,0
404,DELL,Inspiron,Intel,Core i5,10,8,DDR4,512,0,Windows,64-bit,0,ThinNlight,Missing,1,No,Yes,79500,99433,20,4.3,10,1
405,DELL,Inspiron,Intel,Core i5,10,8,DDR4,512,0,Windows,64-bit,2,Casual,Missing,1,No,Yes,82990,107786,23,3.7,15,3
406,DELL,Inspiron,Intel,Core i5,11,8,DDR4,512,0,Windows,64-bit,2,Casual,Missing,1,No,Yes,70980,76094,6,4.4,138,23
407,HP,430,Intel,Core i5,11,8,DDR4,512,0,Windows,32-bit,0,Casual,Missing,0,No,No,94000,98000,4,0.0,0,0
408,DELL,Missing,Intel,Core i5,11,8,DDR4,512,0,Windows,64-bit,2,Casual,16,0,Yes,No,82990,94890,12,4.4,16,3
409,MSI,Prestige,Intel,Core i5,11,8,LPDDR4X,512,0,Windows,64-bit,0,Casual,16,1,No,No,79990,93489,14,4.9,11,4
410,ASUS,Pro,Intel,Core i5,8,8,DDR4,512,0,Windows,64-bit,0,ThinNlight,Missing,0,No,No,85990,88990,3,0.0,0,0
411,ASUS,ExpertBook,Intel,Core i5,10,8,DDR4,512,0,Windows,64-bit,2,Casual,Missing,0,No,No,86990,0,0,0.0,0,0
412,ASUS,ZenBook,Intel,Core i5,10,8,LPDDR3,512,0,Windows,64-bit,2,Casual,Missing,1,No,Yes,105990,0,0,5.0,4,0
413,ASUS,ExpertBook,Intel,Core i5,10,8,LPDDR3,512,0,Windows,64-bit,0,Casual,Missing,0,No,No,84990,141990,40,0.0,0,0
414,Lenovo,Ideapad,Intel,Core i5,8,8,DDR4,512,0,Windows,64-bit,2,Casual,Missing,1,No,Yes,59999,80000,25,4.4,22,3
415,Lenovo,Yoga,Intel,Core i5,11,8,DDR4,512,0,Windows,64-bit,0,Casual,16,1,No,Yes,91999,92000,0,4.6,16,2
416,DELL,Inspiron,Intel,Core i5,11,8,DDR4,512,0,Windows,64-bit,0,Casual,16,1,Yes,Yes,78900,84900,7,3.6,16,1
417,ASUS,ExpertBook,Intel,Core i5,10,8,LPDDR3,512,0,Windows,64-bit,0,Casual,Missing,0,No,No,132790,172990,23,0.0,0,0
418,Nokia,PureBook,Intel,Core i5,11,16,DDR4,512,0,Windows,64-bit,0,ThinNlight,14,0,No,No,55990,82990,32,4.1,117,31
419,Lenovo,IdeaPad,Intel,Core i5,11,8,DDR4,512,0,Windows,64-bit,4,Gaming,15.6,0,No,No,60990,93690,34,3.9,14,6
420,Avita,Liber,Intel,Core i5,7,8,DDR4,512,0,Windows,64-bit,0,ThinNlight,13.3,0,No,No,65556,79990,18,0.0,0,0
421,DELL,Inspiron,Intel,Core i5,11,16,DDR4,512,0,Windows,64-bit,0,ThinNlight,15.6,0,No,No,70190,90783,22,3.5,6,3
422,DELL,Missing,Intel,Core i5,11,8,DDR4,512,0,Windows,64-bit,2,Casual,14,1,Yes,No,79590,106082,24,0.0,0,0
423,ASUS,TUF,Intel,Core i5,11,8,DDR4,512,0,Windows,64-bit,4,Casual,15.6,1,No,No,76990,105990,27,0.0,0,0
424,Nokia,PureBook,Intel,Core i5,11,8,DDR4,512,0,Windows,64-bit,0,ThinNlight,14,0,No,No,52790,82990,36,4.0,5,0
425,Avita,Liber,Intel,Core i5,8,8,DDR4,512,0,Windows,64-bit,0,ThinNlight,14,0,No,No,44990,76990,41,3.4,17,3
426,ASUS,Intel,Intel,Core i5,11,8,DDR4,512,0,Windows,64-bit,0,Casual,13.3,1,Yes,Yes,84990,115990,26,3.9,17,2
427,Lenovo,Ideapad,Intel,Core i5,10,8,DDR4,512,0,Windows,64-bit,2,Casual,14,1,Yes,Yes,86999,109000,20,4.7,3,0
428,HP,Pavilion,Intel,Core i5,11,16,DDR4,512,0,Windows,64-bit,2,Casual,15.6,1,No,No,78000,89000,12,4.4,512,85
429,Avita,Liber,Intel,Core i5,8,8,DDR4,512,0,Windows,64-bit,0,ThinNlight,14,0,No,No,73063,76990,5,3.4,17,3
430,HP,HP,Intel,Core i5,11,16,DDR4,512,0,Windows,64-bit,4,Casual,14,1,No,Yes,100990,113000,10,0.0,0,0
431,Lenovo,Ideapad,Intel,Core i5,8,8,DDR4,512,0,Windows,64-bit,0,ThinNlight,13.3,1,No,Yes,74990,83458,10,3.3,3,1
432,ASUS,ROG,Intel,Core i5,10,8,DDR4,512,0,Windows,64-bit,4,Casual,15.6,0,No,No,75990,101990,25,4.6,1365,137
433,Lenovo,Missing,Intel,Core i5,11,8,DDR4,512,0,Windows,32-bit,2,Casual,15.6,1,No,Yes,84086,0,0,3.5,8,3
434,ASUS,ASUS,Intel,Core i5,11,8,DDR4,1024,0,Windows,64-bit,4,Gaming,15.6,0,No,No,75990,116990,35,4.5,368,48
435,ASUS,TUF,Intel,Core i5,11,8,DDR4,1024,0,Windows,64-bit,4,Gaming,17.3,1,No,Yes,77990,115990,32,4.4,202,26
436,ASUS,ROG,Intel,Core i5,10,8,DDR4,1024,0,Windows,64-bit,4,Casual,15.6,1,No,No,77990,149990,48,4.5,187,26
437,APPLE,MacBook,Intel,Core i5,10,16,LPDDR4X,1024,0,Mac,64-bit,0,Casual,13,1,No,No,179990,194900,7,4.7,31,3
438,APPLE,MacBook,Intel,Core i5,10,16,LPDDR4X,1024,0,Mac,64-bit,0,Casual,13,1,No,No,179990,194900,7,4.8,91,5
439,ASUS,ROG,Intel,Core i5,10,8,DDR4,1024,0,Windows,64-bit,4,Casual,Missing,0,No,No,82990,107990,23,4.5,844,118
440,ASUS,TUF,Intel,Core i5,11,8,DDR4,1024,0,Windows,64-bit,4,Casual,16,1,No,No,87990,126990,30,0.0,0,0
441,ASUS,F17,Intel,Core i5,11,8,DDR4,1024,0,Windows,64-bit,4,Casual,Missing,0,No,No,84500,105000,19,4.3,3,0
442,DELL,Inspiron,Intel,Core i5,11,8,LPDDR4X,1024,0,Windows,64-bit,0,ThinNlight,13.3,0,No,No,74190,83417,11,4.5,21,3
443,Lenovo,ThinkBook,Intel,Core i5,11,8,DDR4,1024,0,Windows,64-bit,0,ThinNlight,13.3,1,No,Yes,64990,121608,46,3.0,4,0
444,Lenovo,ThinkPad,Intel,Core i5,10,8,DDR4,512,512,Windows,64-bit,0,ThinNlight,16,3,Yes,No,155411,0,0,0.0,0,0
445,Lenovo,ThinkPad,Intel,Core i5,10,8,DDR4,512,512,Windows,64-bit,0,ThinNlight,Missing,3,Yes,No,125394,146680,14,0.0,0,0
446,acer,Aspire,Intel,Core i5,11,8,DDR4,0,1024,Windows,64-bit,0,Casual,15.6,0,No,No,49990,65999,24,0.0,0,0
447,acer,Aspire,Intel,Core i5,11,8,DDR4,0,1024,Windows,64-bit,0,ThinNlight,14,1,No,No,46990,56999,17,3.8,253,28
448,DELL,Vostro,Intel,Core i5,11,8,DDR4,0,1024,Windows,64-bit,0,ThinNlight,14,1,No,Yes,48990,70286,30,3.6,470,46
449,acer,Aspire,Intel,Core i5,8,8,DDR4,0,1024,Windows,64-bit,2,Casual,Missing,1,No,Yes,59999,62511,4,4.1,118,28
450,ASUS,VivoBook,Intel,Core i5,10,8,DDR4,0,1024,Windows,64-bit,0,ThinNlight,Missing,1,No,No,46990,55990,16,4.0,1444,179
451,MSI,GF63,Intel,Core i5,10,8,DDR4,0,1024,Windows,64-bit,4,Casual,Missing,2,No,No,52990,72990,27,4.1,1114,137
452,Lenovo,Missing,Intel,Core i5,7,8,DDR4,0,1024,Windows,32-bit,2,Casual,Missing,0,No,No,57999,82999,30,0.0,0,0
453,Lenovo,B50-70,Intel,Core i5,4,8,DDR3,0,1024,Windows,64-bit,0,Casual,Missing,0,No,No,52490,0,0,3.8,78,17
454,Lenovo,Ideapad,Intel,Core i5,8,8,DDR4,0,1024,Windows,64-bit,4,Casual,Missing,1,No,No,56990,62594,8,4.0,21,5
455,acer,Aspire,Intel,Core i5,8,8,DDR4,0,1024,Windows,64-bit,2,ThinNlight,Missing,1,No,No,61990,62549,0,4.1,73,21
456,DELL,Missing,Intel,Core i5,11,8,DDR4,0,1024,Windows,32-bit,0,Casual,Missing,0,No,No,58090,59990,3,0.0,0,0
457,ASUS,ExpertBook,Intel,Core i5,10,8,DDR4,0,1024,Windows,64-bit,0,Casual,Missing,0,No,No,56990,70990,19,0.0,0,0
458,acer,Aspire,Intel,Core i5,8,8,DDR4,0,1024,Windows,64-bit,0,ThinNlight,Missing,1,No,No,61597,0,0,0.0,0,0
459,ASUS,Pro,Intel,Core i5,8,8,DDR4,0,1024,Windows,64-bit,0,ThinNlight,Missing,0,No,No,81990,0,0,0.0,0,0
460,ASUS,ExpertBook,Intel,Core i5,10,8,DDR4,0,1024,Windows,64-bit,0,Casual,Missing,0,No,No,61249,68990,11,0.0,0,0
461,DELL,Missing,Intel,Core i5,11,8,DDR4,0,1024,Windows,32-bit,0,Casual,Missing,0,No,No,58990,68900,14,0.0,0,0
462,ASUS,ExpertBook,Intel,Core i5,10,8,DDR4,0,1024,Windows,64-bit,2,Casual,Missing,0,No,No,83990,0,0,0.0,0,0
463,MSI,GE76,Intel,Core i5,10,8,LPDDR4,0,512,DOS,32-bit,6,Casual,Missing,0,No,No,291190,330990,12,4.6,7,3
464,MSI,GP65,Intel,Core i5,10,8,LPDDR4,0,512,DOS,32-bit,6,Casual,Missing,0,No,No,145990,0,0,4.5,715,106
465,MSI,GP76,Intel,Core i5,10,8,LPDDR4,0,512,DOS,32-bit,8,Casual,Missing,0,No,No,179990,201990,10,4.4,24,5
466,HP,Pavilion,Intel,Core i5,8,8,DDR4,0,1024,Windows,64-bit,2,Casual,15.6,1,No,Yes,64990,68270,4,4.3,23,4
467,HP,15q,Intel,Core i5,8,8,DDR4,0,1024,Windows,64-bit,0,Casual,15.6,1,No,No,46790,50190,6,4.2,3062,325
468,HP,Missing,Intel,Core i5,7,4,DDR4,0,1024,Windows,64-bit,0,Casual,15.6,1,No,No,44599,0,0,4.1,122,12
469,acer,Swift,Intel,Core i5,8,8,DDR4,0,1024,Windows,64-bit,2,Casual,15.6,1,No,No,72964,73199,0,4.2,18,6
470,HP,250,Intel,Core i5,10,8,DDR4,0,1024,Windows,32-bit,0,Casual,15.6,1,No,Yes,48790,54786,10,3.4,11,1
471,acer,Aspire,Intel,Core i5,10,8,DDR4,0,1024,Windows,64-bit,2,Casual,15.6,1,No,No,56491,0,0,3.2,30,6
472,ASUS,VivoBook,Intel,Core i5,11,8,DDR4,256,1024,Windows,32-bit,0,Casual,15.6,1,No,Yes,50990,70990,28,4.3,1188,127
473,ASUS,VivoBook,Intel,Core i5,10,8,DDR4,256,1024,Windows,64-bit,4,Gaming,15.6,0,No,No,55990,81990,31,4.5,23,0
474,acer,Aspire,Intel,Core i5,11,8,DDR4,256,1024,Windows,64-bit,0,Casual,15.6,1,No,No,57990,69999,17,4.6,32,1
475,ASUS,VivoBook,Intel,Core i5,11,8,DDR4,256,1024,Windows,64-bit,0,Casual,15.6,1,No,No,52990,72990,27,0.0,0,0
476,DELL,Inspiron,Intel,Core i5,11,8,DDR4,256,1024,Windows,64-bit,0,Casual,15.6,1,No,No,57990,74833,22,4.2,47,0
477,acer,Aspire,Intel,Core i5,11,8,DDR4,256,1024,Windows,64-bit,0,ThinNlight,15.6,1,No,No,56990,64999,12,4.0,27,2
478,acer,Travelmate,Intel,Core i5,11,8,DDR4,256,1024,Windows,64-bit,0,Casual,14,0,No,No,55490,60000,7,3.8,8,3
479,DELL,Inspiron,Intel,Core i5,11,8,DDR4,256,1024,Windows,64-bit,2,Casual,15.6,1,No,No,62490,86199,27,3.9,157,20
480,ASUS,VivoBook,Intel,Core i5,11,16,DDR4,256,1024,Windows,64-bit,0,Casual,15.6,1,No,No,64990,85990,24,4.7,10,1
481,Lenovo,Ideapad,Intel,Core i5,11,8,DDR4,256,1024,Windows,64-bit,2,Casual,15.6,1,No,Yes,59990,93690,35,4.3,52,4
482,ASUS,VivoBook,Intel,Core i5,11,8,DDR4,256,1024,Windows,64-bit,2,Casual,15.6,1,No,Yes,60190,78990,23,4.4,33,4
483,ASUS,VivoBook,Intel,Core i5,9,8,DDR4,256,1024,Windows,64-bit,4,Gaming,15.6,0,No,No,54490,77990,30,4.3,343,47
484,Lenovo,Legion,Intel,Core i5,9,8,DDR4,256,1024,Windows,64-bit,4,Casual,15.6,1,No,Yes,60990,86690,29,4.3,131,17
485,DELL,Inspiron,Intel,Core i5,11,4,DDR4,256,1024,Windows,64-bit,0,ThinNlight,14.9,1,No,Yes,55790,60078,7,4.2,41,4
486,ASUS,VivoBook,Intel,Core i5,11,16,DDR4,256,1024,Windows,64-bit,0,Casual,15.6,1,No,Yes,64990,85990,24,4.3,328,51
487,ASUS,Missing,Intel,Core i5,11,16,DDR4,256,1024,Windows,64-bit,0,ThinNlight,17.3,0,No,No,58990,85990,31,4.8,6,1
488,DELL,Vostro,Intel,Core i5,11,8,DDR4,256,1024,Windows,64-bit,0,ThinNlight,14,1,No,Yes,54990,80284,31,3.8,353,28
489,HP,Pavilion,Intel,Core i5,11,8,DDR4,256,1024,Windows,64-bit,4,Gaming,15.6,1,No,Yes,71990,87717,17,4.3,127,20
490,DELL,3511,Intel,Core i5,11,8,DDR4,256,1024,Windows,64-bit,2,Casual,15.6,1,No,No,69900,87320,19,0.0,0,0
491,Lenovo,Ideapad,Intel,Core i5,11,8,DDR4,256,1024,Windows,64-bit,2,Casual,15.6,1,No,Yes,65990,99290,33,4.2,241,19
492,ASUS,VivoBook,Intel,Core i5,11,8,DDR4,256,1024,Windows,64-bit,0,Casual,Missing,1,No,No,49990,72990,31,3.9,22,2
493,DELL,Vostro,Intel,Core i5,11,8,DDR4,256,1024,Windows,64-bit,0,ThinNlight,Missing,1,No,Yes,58990,74066,20,4.0,8,1
494,Lenovo,IdeaPad,Intel,Core i5,10,8,DDR4,256,1024,Windows,64-bit,4,Gaming,Missing,0,No,No,74590,109990,32,4.4,898,128
495,ASUS,Missing,Intel,Core i5,10,8,DDR4,256,1024,Windows,32-bit,2,Casual,Missing,0,No,No,58990,67990,13,5.0,1,1
496,ASUS,VivoBook,Intel,Core i5,11,8,DDR4,256,1024,Windows,64-bit,0,Casual,Missing,1,No,No,64990,81990,20,0.0,0,0
497,DELL,Inspiron,Intel,Core i5,11,8,DDR4,256,1024,Windows,64-bit,2,Casual,Missing,0,No,No,66490,88519,24,3.8,6,1
498,DELL,G3,Intel,Core i5,10,8,DDR4,256,1024,Windows,64-bit,4,Casual,Missing,0,No,No,77900,82300,5,4.3,179,34
499,DELL,Inspiron,Intel,Core i5,11,8,DDR4,256,1024,Windows,64-bit,2,Casual,Missing,0,No,No,67490,82600,18,3.8,41,5
500,DELL,Vostro,Intel,Core i5,11,8,DDR4,256,1024,Windows,64-bit,0,ThinNlight,Missing,1,No,Yes,61990,68900,10,0.0,0,0
501,DELL,Inspiron,Intel,Core i5,11,8,DDR4,256,1024,Windows,64-bit,0,Casual,Missing,1,No,Yes,58990,61990,4,4.3,114,9
502,Lenovo,IdeaPad,Intel,Core i5,10,8,DDR4,256,1024,Windows,64-bit,4,Gaming,Missing,0,No,No,74999,75500,0,4.3,268,25
503,ASUS,VivoBook,Intel,Core i5,11,8,DDR4,256,1024,Windows,64-bit,0,Casual,Missing,1,No,Yes,68900,78999,12,5.0,6,1
504,DELL,Inspiron,Intel,Core i5,11,8,DDR4,256,1024,Windows,64-bit,2,Casual,15.6,0,No,No,71695,75732,5,4.2,153,16
505,acer,Travelmate,Intel,Core i5,11,16,DDR4,256,1024,Windows,64-bit,0,Casual,14,0,No,No,62490,85000,26,3.4,8,0
506,DELL,Inspiron,Intel,Core i5,8,8,DDR4,0,2048,Windows,64-bit,2,Casual,15.6,1,No,Yes,62317,0,0,4.0,377,53
507,MSI,GS66,Intel,Core i5,10,8,LPDDR4,0,512,DOS,32-bit,8,Casual,Missing,0,No,No,207290,235990,12,0.0,0,0
508,DELL,Inspiron,Intel,Core i7,8,16,DDR4,256,0,Windows,64-bit,4,Casual,Missing,1,No,Yes,87990,88532,0,4.1,120,21
509,Avita,Liber,Intel,Core i7,8,8,DDR4,256,0,Windows,64-bit,0,ThinNlight,14,0,No,No,73990,79990,7,0.0,0,0
510,ASUS,VivoBook,Intel,Core i7,10,16,DDR4,512,0,Windows,64-bit,0,Casual,15.6,1,No,No,57990,80990,28,4.3,76,9
511,ASUS,VivoBook,Intel,Core i7,10,8,DDR4,512,0,Windows,64-bit,4,Gaming,15.6,0,No,No,61990,88990,30,4.5,11,2
512,MSI,GF63,Intel,Core i7,10,16,DDR4,512,0,Windows,64-bit,4,Casual,15.6,2,No,No,79990,95990,16,4.5,484,56
513,Lenovo,IdeaPad,Intel,Core i7,10,8,DDR4,512,0,Windows,64-bit,4,Gaming,15.6,1,No,Yes,68990,99290,30,4.5,44,2
514,Mi,Notebook,Intel,Core i7,10,8,DDR4,512,0,Windows,64-bit,2,Casual,14,1,No,No,59490,65999,9,4.2,399,40
515,Lenovo,IdeaPad,Intel,Core i7,11,16,DDR4,512,0,Windows,64-bit,0,Casual,14,1,Yes,Yes,85990,125890,31,4.4,77,10
516,Lenovo,Legion,Intel,Core i7,11,16,DDR4,512,0,Windows,64-bit,4,Casual,15.6,1,No,Yes,99990,153490,34,4.4,11,3
517,Infinix,X1,Intel,Core i7,10,16,LPDDR4X,512,0,Windows,64-bit,8,Casual,14,0,No,No,54990,69999,21,4.3,57,14
518,ASUS,VivoBook,Intel,Core i7,11,8,DDR4,512,0,Windows,64-bit,0,Casual,14,1,No,Yes,77990,96990,19,4.3,21,5
519,Lenovo,IdeaPad,Intel,Core i7,11,8,DDR4,512,0,Windows,64-bit,4,Gaming,15.6,0,No,No,79990,118890,32,4.0,5,2
520,HP,Pavilion,Intel,Core i7,11,16,DDR4,512,0,Windows,64-bit,4,Casual,15.6,1,No,Yes,93190,118776,21,5.0,4,0
521,ASUS,ZenBook,Intel,Core i7,11,16,LPDDR4X,512,0,Windows,64-bit,0,Casual,13.3,1,No,Yes,94990,122990,22,0.0,0,0
522,Lenovo,Thinkbook,Intel,Core i7,11,16,DDR4,512,0,Windows,64-bit,0,Casual,14,3,Yes,Yes,84990,109696,22,4.5,13,2
523,MSI,Missing,Intel,Core i7,10,8,DDR4,512,0,Windows,64-bit,0,ThinNlight,14,0,No,No,57990,78990,26,4.4,15,0
524,HP,Envy,Intel,Core i7,11,16,DDR4,512,0,Windows,64-bit,0,Casual,13.3,1,Yes,Yes,102990,114751,10,4.7,11,2
525,DELL,Missing,Intel,Core i7,11,16,DDR4,512,0,Windows,64-bit,4,Casual,16,1,No,No,99990,128665,22,0.0,0,0
526,ASUS,ASUS,Intel,Core i7,11,16,DDR4,512,0,Windows,64-bit,4,Gaming,16,0,No,No,94990,101990,6,4.5,118,15
527,HP,Envy,Intel,Core i7,11,16,DDR4,512,0,Windows,64-bit,0,Casual,16,1,Yes,Yes,104000,118776,12,0.0,0,0
528,MSI,Missing,Intel,Core i7,11,16,DDR4,512,0,Windows,64-bit,2,Casual,Missing,0,No,No,76990,85990,10,0.0,0,0
529,HP,Pavilion,Intel,Core i7,11,16,DDR4,512,0,Windows,64-bit,4,Gaming,16,1,No,Yes,90190,107262,15,4.3,6,1
530,Lenovo,Missing,Intel,Core i7,11,16,DDR4,512,0,Windows,32-bit,0,Casual,16,0,Yes,No,88488,96995,8,0.0,0,0
531,MSI,Prestige,Intel,Core i7,10,16,DDR4,512,0,Windows,64-bit,4,Casual,16,1,No,No,109990,134990,18,4.3,138,30
532,MSI,Sword,Intel,Core i7,11,16,DDR4,512,0,Windows,64-bit,4,Casual,Missing,0,No,No,86990,107990,19,0.0,0,0
533,MSI,Prestige,Intel,Core i7,11,16,LPDDR4X,512,0,Windows,64-bit,0,Casual,16,1,No,No,89990,99240,9,0.0,0,0
534,HP,Spectre,Intel,Core i7,10,16,LPDDR3,512,0,Windows,64-bit,0,Casual,16,1,Yes,Yes,239759,0,0,0.0,0,0
535,ASUS,VivoBook,Intel,Core i7,11,16,DDR4,512,0,Windows,64-bit,2,Casual,Missing,1,No,Yes,78990,104990,24,4.5,35,4
536,DELL,XPS,Intel,Core i7,8,16,DDR3,512,0,Windows,64-bit,0,ThinNlight,16,1,No,Yes,121890,139104,12,1.7,3,0
537,ASUS,ZenBook,Intel,Core i7,8,16,LPDDR3,512,0,Windows,64-bit,0,ThinNlight,Missing,1,No,No,85990,99990,14,4.4,18,0
538,MSI,Katana,Intel,Core i7,11,16,DDR4,512,0,Windows,64-bit,4,Casual,16,2,No,No,94990,117990,19,0.0,0,0
539,HP,Pavilion,Intel,Core i7,11,16,DDR4,512,0,Windows,64-bit,4,Gaming,16,1,No,Yes,92000,113019,18,4.5,8,1
540,HP,Spectre,Intel,Core i7,10,16,DDR4,512,0,Windows,64-bit,0,Casual,16,1,Yes,No,162990,192977,15,3.3,3,1
541,DELL,XPS,Intel,Core i7,11,16,LPDDR4X,512,0,Windows,64-bit,0,ThinNlight,16,1,No,Yes,135300,135553,0,5.0,5,2
542,MSI,Modern,Intel,Core i7,11,16,DDR4,512,0,Windows,64-bit,0,Casual,Missing,0,No,No,64990,78990,17,4.4,33,5
543,Lenovo,ThinkPad,Intel,Core i7,10,16,DDR4,512,0,Windows,64-bit,0,ThinNlight,16,3,No,No,174527,0,0,0.0,0,0
544,Lenovo,ThinkPad,Intel,Core i7,10,16,DDR4,512,0,Windows,64-bit,0,ThinNlight,Missing,0,No,No,162299,178999,9,0.0,0,0
545,DELL,Inspiron,Intel,Core i7,10,16,DDR4,512,0,Windows,64-bit,0,Casual,Missing,1,Yes,Yes,109190,119442,8,0.0,0,0
546,HP,Pavilion,Intel,Core i7,11,16,DDR4,512,0,Windows,64-bit,0,Casual,16,1,Yes,Yes,99999,102500,2,0.0,0,0
547,MSI,Prestige,Intel,Core i7,10,16,DDR4,512,0,Windows,64-bit,2,Casual,16,1,No,No,104990,123990,15,4.0,85,9
548,ASUS,Missing,Intel,Core i7,11,16,LPDDR4X,512,0,Windows,64-bit,0,ThinNlight,16,0,Yes,No,109990,134990,18,0.0,0,0
549,ASUS,ZenBook,Intel,Core i7,8,16,DDR3,512,0,Windows,64-bit,0,ThinNlight,16,1,No,No,99990,122990,18,4.3,30,7
550,Lenovo,Missing,Intel,Core i7,8,16,DDR4,512,0,Windows,64-bit,2,ThinNlight,16,0,No,No,244801,0,0,0.0,0,0
551,ASUS,ZenBook,Intel,Core i7,11,16,LPDDR4X,512,0,Windows,64-bit,0,ThinNlight,16,0,No,No,94990,122990,22,0.0,0,0
552,Lenovo,Ideapad,Intel,Core i7,8,16,DDR4,512,0,Windows,64-bit,0,ThinNlight,Missing,1,No,Yes,86000,0,0,0.0,0,0
553,Lenovo,Missing,Intel,Core i7,10,16,DDR4,512,0,Windows,32-bit,2,Casual,16,0,No,No,162399,206997,21,0.0,0,0
554,HP,Missing,Intel,Core i7,11,16,DDR4,512,0,Windows,32-bit,0,Casual,Missing,0,No,No,119599,195000,38,0.0,0,0
555,Lenovo,Missing,Intel,Core i7,10,16,LPDDR3,512,0,Windows,64-bit,0,ThinNlight,16,0,No,No,211753,214760,1,0.0,0,0
556,Lenovo,Intel,Intel,Core i7,11,16,DDR4,512,0,Windows,32-bit,0,Casual,14,0,No,No,110999,139000,20,0.0,0,0
557,DELL,Missing,Intel,Core i7,11,16,DDR4,512,0,Windows,64-bit,4,Casual,15.6,1,No,No,99990,128665,22,0.0,0,0
558,ASUS,ZenBook,Intel,Core i7,8,8,LPDDR3,512,0,Windows,64-bit,0,ThinNlight,13.3,1,No,No,81990,102987,20,4.3,40,4
559,MSI,GF63,Intel,Core i7,9,8,DDR4,512,0,Windows,64-bit,4,Casual,15.6,2,No,No,66990,104990,36,4.5,1639,230
560,MSI,GF65,Intel,Core i7,10,16,DDR4,1024,0,Windows,64-bit,6,Casual,15.6,2,No,No,84990,123990,31,4.4,498,64
561,ASUS,Zenbook,Intel,Core i7,11,16,LPDDR4X,1024,0,Windows,64-bit,2,Casual,14,1,Yes,Yes,104990,146990,28,0.0,0,0
562,ASUS,ZenBook,Intel,Core i7,11,16,LPDDR4X,1024,0,Windows,64-bit,0,Casual,14,1,Yes,No,134990,164990,18,0.0,0,0
563,ASUS,ASUS,Intel,Core i7,11,16,DDR4,1024,0,Windows,64-bit,4,Gaming,15.6,0,No,No,98990,136990,27,4.5,445,56
564,HP,Envy,Intel,Core i7,10,16,DDR4,1024,0,Windows,64-bit,6,Casual,15.6,1,No,Yes,144690,173453,16,4.2,17,4
565,ASUS,ZenBook,Intel,Core i7,11,16,LPDDR4X,1024,0,Windows,64-bit,0,ThinNlight,13.3,0,No,No,99990,128990,22,0.0,0,0
566,MSI,Stealth,Intel,Core i7,11,16,DDR4,1024,0,Windows,64-bit,6,Casual,16,2,No,No,119990,162990,26,4.3,20,3
567,ASUS,Zephyrus,Intel,Core i7,11,16,DDR4,1024,0,Windows,32-bit,4,Casual,16,1,No,No,194990,0,0,0.0,0,0
568,ASUS,ZenBook,Intel,Core i7,10,16,LPDDR3,1024,0,Windows,64-bit,2,Casual,16,1,No,Yes,124990,146990,14,4.6,17,1
569,DELL,Inspiron,Intel,Core i7,11,16,DDR4,1024,0,Windows,64-bit,2,Casual,16,0,No,No,122410,0,0,0.0,0,0
570,HP,Spectre,Intel,Core i7,10,16,DDR4,1024,0,Windows,64-bit,0,Casual,16,1,Yes,No,179990,216368,16,4.2,13,5
571,MSI,Summit,Intel,Core i7,11,16,DDR4,1024,0,Windows,64-bit,4,Casual,16,2,Yes,No,154990,156990,1,4.0,3,2
572,Lenovo,Yoga,Intel,Core i7,11,16,LPDDR4X,1024,0,Windows,64-bit,0,Casual,16,1,No,Yes,122990,167890,26,3.0,4,2
573,ASUS,Missing,Intel,Core i7,10,16,DDR4,1024,0,Windows,64-bit,6,Casual,Missing,1,Yes,No,224990,272990,17,4.7,9,0
574,MSI,Stealth,Intel,Core i7,12,16,DDR5,1024,0,Windows,64-bit,8,Casual,Missing,0,No,No,279990,313990,10,0.0,0,0
575,HP,OMEN,Intel,Core i7,11,16,DDR4,1024,0,Windows,64-bit,4,Casual,16,0,No,No,121990,138399,11,0.0,0,0
576,HP,OMEN,Intel,Core i7,11,16,DDR4,1024,0,Windows,64-bit,4,Casual,16,0,No,No,116990,132717,11,0.0,0,0
577,Lenovo,Legion,Intel,Core i7,11,16,DDR4,1024,0,Windows,64-bit,6,Casual,16,0,No,No,151098,224490,32,4.4,7,0
578,MSI,Pulse,Intel,Core i7,11,16,DDR4,1024,0,Windows,64-bit,8,Casual,16,2,No,No,129990,179990,27,4.2,14,3
579,HP,Spectre,Intel,Core i7,11,16,LPDDR4X,1024,0,Windows,64-bit,0,Casual,16,1,Yes,No,149999,178464,15,0.0,0,0
580,MSI,Missing,Intel,Core i7,12,16,DDR4,1024,0,Windows,64-bit,6,Casual,16,0,No,No,139990,156990,10,4.5,4,2
581,acer,Predator,Intel,Core i7,11,16,DDR4,1024,0,Windows,64-bit,6,Casual,16,1,No,No,129990,149990,13,4.5,54,7
582,HP,OMEN,Intel,Core i7,11,16,DDR4,1024,0,Windows,64-bit,8,Casual,16,1,No,Yes,171990,197862,13,0.0,0,0
583,DELL,Inspiron,Intel,Core i7,11,16,DDR4,1024,0,Windows,64-bit,2,Casual,16,1,No,Yes,93955,122300,23,4.8,4,0
584,ASUS,ROG,Intel,Core i7,10,16,DDR4,1024,0,Windows,64-bit,8,Casual,Missing,0,No,No,234990,324990,27,0.0,0,0
585,HP,Spectre,Intel,Core i7,11,16,LPDDR4X,1024,0,Windows,64-bit,0,Casual,16,1,Yes,Yes,128500,152042,15,3.7,3,1
586,Lenovo,Yoga,Intel,Core i7,11,16,DDR4,1024,0,Windows,64-bit,0,Casual,16,1,Yes,Yes,102990,104033,1,4.4,16,2
587,ASUS,ZenBook,Intel,Core i7,11,16,LPDDR4X,1024,0,Windows,64-bit,0,Casual,16,1,Yes,No,119990,158990,24,4.8,8,1
588,ASUS,Missing,Intel,Core i7,11,16,DDR4,1024,0,Windows,32-bit,6,Casual,16,0,No,No,120980,149999,19,0.0,0,0
589,ASUS,Zephyrus,Intel,Core i7,11,16,DDR4,1024,0,Windows,32-bit,6,Casual,16,1,No,No,157249,220990,28,4.3,7,0
590,Lenovo,Missing,Intel,Core i7,9,16,DDR4,1024,0,Windows,64-bit,4,ThinNlight,16,0,No,No,229900,272000,15,0.0,0,0
591,ASUS,ASUS,Intel,Core i7,11,16,DDR4,1024,0,Windows,64-bit,6,Casual,16,1,No,No,131500,175000,24,0.0,0,0
592,ASUS,ExpertBook,Intel,Core i7,10,16,LPDDR3,1024,0,Windows,64-bit,0,Casual,16,0,No,No,154990,172990,10,5.0,3,0
593,ASUS,ExpertBook,Intel,Core i7,10,16,LPDDR3,1024,0,Windows,64-bit,0,Casual,16,0,No,No,165990,202990,18,0.0,0,0
594,Lenovo,Yoga,Intel,Core i7,10,16,LPDDR4X,1024,0,Windows,64-bit,0,ThinNlight,16,0,No,No,119990,148082,18,2.5,2,1
595,ASUS,ExpertBook,Intel,Core i7,10,16,LPDDR3,1024,0,Windows,64-bit,0,Casual,16,0,No,No,167990,202990,17,0.0,0,0
596,HP,Spectre,Intel,Core i7,11,16,LPDDR4X,1024,0,Windows,64-bit,0,Casual,16,1,Yes,No,165000,198825,17,0.0,0,0
597,Avita,Liber,Intel,Core i7,10,16,DDR4,1024,0,Windows,64-bit,0,ThinNlight,14,0,No,No,62990,83390,24,3.9,207,49
598,Lenovo,ThinkBook,Intel,Core i7,11,16,LPDDR4,1024,0,Windows,64-bit,0,Casual,13,1,No,Yes,85990,148158,41,3.4,7,2
599,HP,HP,Intel,Core i7,11,16,DDR4,1024,0,Windows,64-bit,2,Casual,13.3,1,No,Yes,94990,160134,40,0.0,0,0
600,HP,Omen,Intel,Core i7,11,16,DDR4,1024,0,Windows,64-bit,6,Casual,16.1,1,No,Yes,136990,157563,13,0.0,0,0
601,Lenovo,Legion,Intel,Core i7,10,16,DDR4,1024,0,Windows,64-bit,8,Casual,15.6,1,No,Yes,234990,349890,32,0.0,0,0
602,acer,Predator,Intel,Core i7,10,16,DDR4,2048,0,Windows,64-bit,8,Casual,16,1,No,No,159990,160190,0,3.8,4,0
603,ASUS,ExpertBook,Intel,Core i7,10,16,LPDDR3,2048,0,Windows,64-bit,0,Casual,16,0,No,No,233990,0,0,0.0,0,0
604,ASUS,ExpertBook,Intel,Core i7,10,16,DDR4,0,1024,Windows,64-bit,2,Casual,Missing,0,No,No,93990,0,0,0.0,0,0
605,HP,15,Intel,Core i7,8,16,DDR4,128,1024,Windows,64-bit,4,Casual,Missing,1,No,No,116941,0,0,0.0,0,0
606,MSI,GF63,Intel,Core i7,10,8,DDR4,256,1024,Windows,64-bit,4,Casual,15.6,2,No,No,63990,83990,23,4.3,794,83
607,ASUS,VivoBook,Intel,Core i7,10,16,DDR4,256,1024,Windows,64-bit,4,Gaming,15.6,0,No,No,66990,97990,31,4.2,25,4
608,ASUS,Missing,Intel,Core i7,11,16,DDR4,256,1024,Windows,32-bit,0,ThinNlight,Missing,0,No,No,82500,98990,16,0.0,0,0
609,acer,Predator,Intel,Core i7,10,16,DDR4,256,1024,Windows,64-bit,6,Casual,16,1,No,No,119990,140990,14,4.6,2038,313
610,MSI,WF65,Intel,Core i7,10,16,DDR4,256,1024,Windows,64-bit,4,Casual,16,3,No,No,159990,179990,11,0.0,0,0
611,ASUS,Pro,Intel,Core i7,8,16,DDR4,256,1024,Windows,64-bit,0,ThinNlight,Missing,0,No,No,98912,0,0,0.0,0,0
612,acer,Predator,Intel,Core i7,11,16,DDR4,512,1024,Windows,64-bit,4,Casual,15.6,1,No,No,92990,130990,29,4.5,214,37
613,acer,Predator,Intel,Core i7,11,16,DDR4,512,1024,Windows,32-bit,6,Casual,15.6,1,No,No,119990,140990,14,4.5,342,54
614,acer,Predator,Intel,Core i9,11,32,DDR4,1024,0,Windows,64-bit,8,Casual,15.6,1,No,No,169990,199999,15,0.0,0,0
615,acer,Predator,Intel,Core i9,11,16,DDR4,1024,0,Windows,64-bit,6,Casual,15.6,1,No,No,139990,179999,22,0.0,0,0
616,MSI,Creator,Intel,Core i9,11,16,DDR4,1024,0,Windows,64-bit,6,Casual,16,0,No,No,192990,223890,13,0.0,0,0
617,ASUS,ROG,Intel,Core i9,12,16,DDR5,1024,0,Windows,64-bit,6,Casual,Missing,0,No,No,299990,376990,20,0.0,0,0
618,ASUS,Missing,Intel,Core i9,10,16,DDR4,1024,0,Windows,64-bit,6,Casual,Missing,1,Yes,No,269990,326990,17,4.8,8,1
619,ASUS,ASUS,Intel,Core i9,11,16,DDR4,1024,0,Windows,64-bit,6,Gaming,15.6,1,No,No,139990,144990,3,0.0,0,0
620,Lenovo,Missing,Intel,Core i9,10,16,DDR4,1024,0,Windows,32-bit,8,Casual,15.6,0,No,No,265998,349890,23,0.0,0,0
621,ASUS,Zephyrus,Intel,Core i9,11,16,DDR4,3072,0,Windows,32-bit,6,Casual,Missing,1,No,No,441990,0,0,5.0,1,1
622,Smartron,t.book,Intel,Core m3,7,4,DDR3,128,0,Windows,64-bit,0,Casual,12.2,0,Yes,No,42990,45990,6,3.5,25,6
623,MSI,Katana,Intel,Core i5,10,8,LPDDR4,0,512,DOS,32-bit,4,Casual,Missing,0,No,No,86990,117990,26,4.5,218,27
624,acer,Aspire,AMD,Dual Core,0,4,DDR4,256,0,Windows,64-bit,0,Casual,Missing,1,No,No,29990,34990,14,0.0,0,0
625,acer,Dual,AMD,Dual Core,0,4,DDR4,256,0,Windows,64-bit,0,Casual,Missing,1,No,No,31990,32990,3,4.0,762,104
626,MSI,Pulse,Intel,Core i5,10,8,LPDDR4,0,512,DOS,32-bit,6,Casual,Missing,0,No,No,109990,139990,21,4.6,78,16
627,MSI,Pulse,Intel,Core i5,10,8,LPDDR4,0,512,DOS,32-bit,4,Casual,Missing,0,No,No,109590,123990,11,4.6,5,2
628,ASUS,ROG,Intel,Core i7,10,16,LPDDR4X,0,512,DOS,32-bit,6,Casual,Missing,0,No,No,146490,0,0,3.0,2,1
629,HP,Chromebook,Intel,Dual Core,10,4,DDR4,0,512,DOS,32-bit,0,Casual,Missing,0,No,No,61745,0,0,4.6,23,4
630,ASUS,ZenBook,Intel,Ever Screenpad,10,4,DDR4,0,512,DOS,64-bit,4,Casual,Missing,0,No,No,209690,209990,0,5.0,4,0
631,ASUS,ZenBook,Intel,Ever Screenpad,10,4,DDR4,0,512,DOS,64-bit,4,Casual,Missing,0,No,No,175190,0,0,4.8,6,1
632,ALIENWARE,Missing,Intel,GeForce GTX,10,8,LPDDR4,0,512,DOS,32-bit,6,Casual,15.6,0,No,No,199990,223322,10,4.9,12,0
633,DELL,G15,Intel,GeForce GTX,10,8,LPDDR4,0,512,DOS,32-bit,4,Casual,15.6,0,No,No,75500,83557,9,4.4,28,1
634,ALIENWARE,Missing,Intel,GeForce RTX,10,8,LPDDR4,0,512,DOS,32-bit,8,Casual,15.6,0,No,No,345390,377798,8,4.6,10,3
635,ALIENWARE,Missing,Intel,GeForce RTX,10,8,LPDDR4,0,512,DOS,32-bit,6,Casual,15.6,0,No,No,214790,237937,9,4.1,13,4
636,ALIENWARE,Missing,Intel,GeForce RTX,10,8,LPDDR4,0,512,DOS,32-bit,8,Casual,15.6,0,No,No,269290,293080,8,4.0,5,2
637,DELL,G15,Intel,GEFORCE RTX,10,4,DDR4,0,512,DOS,32-bit,4,Casual,Missing,0,No,No,95990,124078,22,4.3,20,5
638,MSI,GF65,Intel,Hexa Core,0,16,DDR4,512,0,Windows,64-bit,6,Casual,15.6,2,No,No,76990,106990,28,4.5,298,49
639,MSI,GF63,Intel,Hexa Core,0,8,DDR4,256,1024,Windows,64-bit,4,Casual,15.6,2,No,No,55990,72990,23,4.4,2582,272
640,APPLE,MacBook,M1,M1,10,8,DDR4,256,0,Mac,64-bit,0,Casual,13.3,1,No,No,85990,92900,7,4.7,6725,629
641,APPLE,MacBook,M1,M1,10,8,DDR4,256,0,Mac,64-bit,0,Casual,13.3,1,No,No,112990,122900,8,4.8,640,70
642,APPLE,MacBook,M1,M1,10,16,DDR4,256,0,Mac,64-bit,0,Casual,13.3,1,No,No,104990,112900,7,4.7,45,4
643,APPLE,MacBook,M1,M1,10,16,DDR4,256,0,Mac,64-bit,0,Casual,13.3,1,No,No,132990,149900,11,4.8,640,70
644,APPLE,MacBook,M1,M1,10,16,DDR4,512,0,Mac,64-bit,0,Casual,13.3,1,No,No,149990,163900,8,4.8,640,70
645,APPLE,MacBook,M1,M1,10,8,DDR4,512,0,Mac,64-bit,0,Casual,13.3,1,No,No,125990,142900,11,4.6,399,45
646,APPLE,MacBook,M1,M1,10,8,DDR4,512,0,Mac,64-bit,0,Casual,13.3,1,No,No,103990,117900,11,4.7,809,91
647,APPLE,MacBook,M1,M1,10,8,DDR4,512,0,Mac,64-bit,0,Casual,13.3,1,No,No,101990,117900,13,4.7,809,91
648,APPLE,MacBook,M1,M1,10,8,DDR4,512,0,Mac,64-bit,0,Casual,13.3,1,No,No,104990,110900,5,4.7,6725,629
649,APPLE,MacBook,M1,M1,10,8,DDR4,512,0,Mac,64-bit,0,Casual,13.3,1,No,No,131990,142900,7,4.6,399,45
650,APPLE,MacBook,M1,M1,10,16,DDR4,512,0,Mac,64-bit,0,Casual,13.3,1,No,No,128990,137900,6,4.7,45,4
651,APPLE,MacBook,M1,M1,10,16,DDR4,512,0,Mac,64-bit,0,Casual,14.2,1,No,No,184990,194900,5,4.8,42,8
652,APPLE,MacBook,M1,M1,10,16,DDR4,512,0,Mac,64-bit,0,Casual,16.2,1,No,No,225990,239900,5,4.8,42,8
653,APPLE,MacBook,M1,M1,10,4,DDR4,512,0,Mac,64-bit,0,Casual,16,1,No,No,124990,132900,5,4.7,45,4
654,APPLE,MacBook,M1,M1,10,8,DDR4,1024,0,Mac,64-bit,0,Casual,13.3,1,No,No,149990,163900,8,4.8,640,70
655,APPLE,MacBook,M1,M1,10,16,DDR4,1024,0,Mac,64-bit,0,Casual,13.3,1,No,No,169990,183900,7,4.8,640,70
656,APPLE,MacBook,M1,M1,10,16,DDR4,1024,0,Mac,64-bit,0,Casual,14.2,1,No,No,225990,239900,5,4.8,42,8
657,APPLE,MacBook,M1,M1,10,16,DDR4,1024,0,Mac,64-bit,0,Casual,16.2,1,No,No,243990,259900,6,4.8,42,8
658,APPLE,MacBook,M1,M1,10,32,DDR4,1024,0,Mac,64-bit,0,Casual,16.2,1,No,No,309990,329900,6,5.0,3,1
659,DELL,G7,Intel,GeForce RTX,10,8,LPDDR4,0,512,DOS,32-bit,8,Casual,15.6,0,No,No,179990,227250,20,4.5,17,2
660,acer,Missing,Intel,Genuine Windows,10,4,DDR4,128,0,DOS,32-bit,4,Casual,Missing,0,No,No,116640,0,0,0.0,0,0
661,acer,Predator,Intel,Genuine Windows,10,4,DDR4,0,512,DOS,32-bit,4,Casual,Missing,0,No,No,129999,0,0,4.5,3227,693
662,ASUS,ASUS,Intel,Pentium Quad,0,4,LPDDR4X,0,512,Windows,64-bit,0,Casual,Missing,0,No,No,45990,57990,20,0.0,0,0
663,iball,CompBook,Intel,Pentium Quad,0,4,DDR3,0,512,Windows,64-bit,0,Casual,Missing,0,No,No,13990,19999,30,3.8,1218,209
664,ASUS,Pentium,Intel,Pentium Quad,0,4,DDR4,128,0,Windows,32-bit,0,Casual,Missing,0,Yes,No,58100,69500,16,0.0,0,0
665,ASUS,ASUS,Intel,Pentium Quad,0,8,LPDDR4X,256,0,Windows,64-bit,0,Casual,13.3,1,Yes,No,62990,78990,20,0.0,0,0
666,HP,Pentium,Intel,Pentium Quad,0,8,DDR4,256,0,Windows,64-bit,0,ThinNlight,14,1,No,Yes,32990,36865,10,4.1,77,9
667,ASUS,VivoBook,Intel,Pentium Quad,0,4,DDR4,256,0,Windows,64-bit,0,ThinNlight,Missing,1,No,Yes,33990,39990,15,4.3,6,0
668,acer,Extensa,Intel,Pentium Quad,0,4,DDR4,256,0,Windows,64-bit,0,Casual,Missing,1,No,No,30990,34990,11,4.2,465,89
669,DELL,Inspiron,Intel,Pentium Quad,0,4,DDR4,256,0,Windows,64-bit,0,ThinNlight,Missing,1,No,No,36000,43000,16,4.3,102,16
670,ASUS,VivoBook,Intel,Pentium Quad,0,4,DDR4,256,0,Windows,64-bit,0,ThinNlight,Missing,1,No,Yes,32990,39990,17,4.3,7,1
671,DELL,Inspiron,Intel,Pentium Quad,0,4,DDR4,256,0,Windows,64-bit,0,Casual,15.6,1,No,No,35990,40000,10,0.0,0,0
672,ASUS,Pentium,Intel,Pentium Quad,0,4,LPDDR4,0,1024,Windows,64-bit,0,Casual,15.6,0,No,No,27990,33990,17,0.0,0,0
673,ASUS,Pentium,Intel,Pentium Quad,0,4,DDR4,0,1024,Windows,64-bit,0,Casual,15.6,1,No,No,25990,40108,35,3.7,4741,658
674,ASUS,Pentium,Intel,Pentium Quad,0,4,DDR4,0,1024,Windows,64-bit,0,Casual,15.6,1,No,No,25990,30990,16,3.8,2736,350
675,ASUS,Asus,Intel,Pentium Quad,0,4,DDR4,0,1024,Windows,64-bit,0,Casual,15.6,0,No,No,30780,36990,16,0.0,0,0
676,ASUS,VivoBook,Intel,Pentium Silver,0,4,DDR4,256,0,Windows,64-bit,0,ThinNlight,14,0,No,No,29990,38990,23,4.0,36,3
677,ASUS,EeeBook,Intel,Pentium Silver,0,4,DDR4,256,0,Windows,64-bit,0,ThinNlight,Missing,0,No,No,31990,40990,21,3.8,5,0
678,Lenovo,Legion,Intel,Genuine Windows,10,4,DDR4,0,512,DOS,32-bit,4,Casual,Missing,0,No,No,77890,110890,29,4.4,208,57
679,HP,Ryzen,AMD,Ryzen 3,0,8,DDR4,256,0,Windows,64-bit,0,ThinNlight,15.6,1,No,No,37990,46055,17,4.3,2214,241
680,ASUS,Ryzen,AMD,Ryzen 3,0,8,DDR4,256,0,Windows,64-bit,0,ThinNlight,15.6,1,No,No,35990,46990,23,4.3,2886,375
681,DELL,Inspiron,AMD,Ryzen 3,0,8,DDR4,256,0,Windows,64-bit,0,ThinNlight,15.6,0,No,No,39490,49714,20,4.3,34,4
682,DELL,Inspiron,AMD,Ryzen 3,0,8,DDR4,256,0,Windows,64-bit,0,ThinNlight,14.96,0,No,No,36990,50586,26,4.2,137,15
683,DELL,Ryzen,AMD,Ryzen 3,0,8,DDR4,256,0,Windows,64-bit,0,ThinNlight,15.6,1,No,No,39990,53640,25,4.6,7,0
684,ASUS,Ryzen,AMD,Ryzen 3,0,4,DDR4,256,0,Windows,64-bit,0,ThinNlight,15.6,1,No,No,33690,37990,11,4.2,170,26
685,DELL,Inspiron,AMD,Ryzen 3,0,8,DDR4,256,0,Windows,64-bit,0,ThinNlight,15.6,0,No,No,40590,50132,19,0.0,0,0
686,ASUS,VivoBook,AMD,Ryzen 3,0,4,DDR4,256,0,Windows,64-bit,0,Casual,Missing,1,No,No,37990,46990,19,4.2,39,3
687,ASUS,VivoBook,AMD,Ryzen 3,0,4,DDR4,256,0,Windows,64-bit,0,ThinNlight,Missing,1,No,Yes,34500,42990,19,4.3,2886,375
688,acer,Aspire,AMD,Ryzen 3,0,8,DDR4,512,0,Windows,64-bit,0,Casual,15.6,1,No,No,36990,44999,17,4.6,11,2
689,HP,Ryzen,AMD,Ryzen 3,0,8,DDR4,512,0,Windows,64-bit,0,ThinNlight,14,0,No,No,43490,52990,17,4.6,163,33
690,HP,Ryzen,AMD,Ryzen 3,0,8,DDR4,512,0,Windows,64-bit,0,ThinNlight,15.6,1,No,Yes,41490,51748,19,4.2,153,21
691,acer,Aspire,AMD,Ryzen 3,0,4,DDR4,512,0,Windows,64-bit,0,Casual,15.6,0,No,No,34990,42999,18,0.0,0,0
692,HP,15s,AMD,Ryzen 3,0,4,DDR4,512,0,Windows,64-bit,0,ThinNlight,Missing,1,No,Yes,44490,49000,9,4.3,267,42
693,DELL,Vostro,AMD,Ryzen 3,0,4,DDR4,512,0,Windows,64-bit,0,ThinNlight,Missing,0,No,No,40590,51105,20,0.0,0,0
694,DELL,Inspiron,AMD,Ryzen 3,0,8,DDR4,512,0,Windows,64-bit,0,ThinNlight,15.6,0,No,No,42090,56771,25,3.3,3,0
695,DELL,Vostro,AMD,Ryzen 3,0,8,DDR4,0,1024,Windows,64-bit,0,ThinNlight,14,1,No,Yes,35990,50651,28,4.1,59,12
696,HP,15s,AMD,Ryzen 3,0,8,DDR4,0,1024,Windows,64-bit,0,ThinNlight,15.6,1,No,Yes,39490,40957,3,4.2,7291,895
697,DELL,Inspiron,AMD,Ryzen 3,0,8,DDR4,0,1024,Windows,64-bit,0,ThinNlight,15.6,0,No,No,37390,50149,25,4.2,38,5
698,DELL,Inspiron,AMD,Ryzen 3,0,4,DDR4,0,1024,Windows,64-bit,0,ThinNlight,Missing,1,No,Yes,52632,0,0,0.0,0,0
699,DELL,Inspiron,AMD,Ryzen 3,0,4,DDR4,0,1024,Windows,64-bit,0,Casual,Missing,1,No,Yes,39990,49613,19,4.1,409,39
700,DELL,DELL,AMD,Ryzen 3,0,4,DDR4,0,1024,Windows,64-bit,0,Casual,Missing,1,No,No,43990,49999,12,0.0,0,0
701,HP,15q,AMD,Ryzen 3,0,4,DDR4,0,1024,Windows,64-bit,0,Casual,15.6,1,No,No,32917,0,0,4.0,353,58
702,Lenovo,Ryzen,AMD,Ryzen 3,0,4,DDR4,0,1024,Windows,64-bit,0,Casual,15.6,0,No,No,34990,36923,5,3.3,38,6
703,DELL,Inspiron,AMD,Ryzen 3,0,8,DDR4,0,1024,Windows,64-bit,0,ThinNlight,14.96,0,No,No,39990,51574,22,3.1,18,4
704,HP,15s,AMD,Ryzen 3,0,8,DDR4,256,1024,Windows,64-bit,0,Casual,15.6,1,No,Yes,41999,48294,13,4.3,3524,432
705,HP,Chromebook,MediaTek,MediaTek Kompanio,10,4,DDR4,0,512,DOS,32-bit,0,Casual,Missing,0,No,No,22990,26663,13,3.8,4623,553
706,HP,Chromebook,MediaTek,MediaTek Kompanio,10,4,LPDDR4X,0,512,DOS,32-bit,0,Casual,Missing,0,No,No,22490,24845,9,3.8,4623,553
707,HP,Chromebook,MediaTek,MediaTek Kompanio,10,4,LPDDR4X,0,512,DOS,32-bit,0,Casual,Missing,0,No,No,22990,24845,7,3.8,4623,553
708,MICROSOFT,Surface,AMD,Ryzen 5,0,4,DDR4,128,0,Windows,64-bit,0,Casual,Missing,0,Yes,No,99990,124999,20,3.8,9,0
709,DELL,Vostro,AMD,Ryzen 5,0,8,DDR4,256,0,Windows,64-bit,0,Casual,14,1,No,Yes,41990,59580,29,4.3,939,107
710,DELL,Inspiron,AMD,Ryzen 5,0,8,DDR4,256,0,Windows,64-bit,0,ThinNlight,15.6,1,No,No,44490,58194,23,4.2,14,1
711,DELL,Inspiron,AMD,Ryzen 5,0,8,DDR4,256,0,Windows,64-bit,0,Casual,15.6,1,No,Yes,41990,49613,15,4.4,649,84
712,DELL,Vostro,AMD,Ryzen 5,0,8,DDR4,256,0,Windows,64-bit,0,ThinNlight,14,1,No,Yes,44490,58286,23,4.3,8,2
713,MSI,Modern,AMD,Ryzen 5,0,4,DDR4,256,0,Windows,64-bit,0,Casual,Missing,1,No,No,49990,67990,26,0.0,0,0
714,DELL,Inspiron,AMD,Ryzen 5,0,4,DDR4,256,0,Windows,64-bit,0,ThinNlight,Missing,1,No,No,44390,56573,21,4.0,276,24
715,HP,Pavilion,AMD,Ryzen 5,0,8,DDR4,512,0,Windows,64-bit,4,Casual,15.6,1,No,No,57990,70172,17,4.5,4740,532
716,Lenovo,IdeaPad,AMD,Ryzen 5,0,8,DDR4,512,0,Windows,64-bit,4,Gaming,15.6,1,No,Yes,56990,83890,32,4.5,162,15
717,Lenovo,IdeaPad,AMD,Ryzen 5,0,8,DDR4,512,0,Windows,64-bit,0,ThinNlight,15.6,1,No,No,48990,68990,28,4.4,219,27
718,HP,Ryzen,AMD,Ryzen 5,0,8,DDR4,512,0,Windows,64-bit,0,ThinNlight,14,1,No,Yes,49970,59808,16,4.5,193,28
719,MSI,Modern,AMD,Ryzen 5,0,8,DDR4,512,0,Windows,64-bit,0,Casual,14,0,No,No,47990,61990,22,4.6,562,89
720,HP,Ryzen,AMD,Ryzen 5,0,8,DDR4,512,0,Windows,64-bit,0,ThinNlight,15.6,1,No,Yes,48990,60959,19,4.4,45,5
721,acer,Swift,AMD,Ryzen 5,0,8,LPDDR4X,512,0,Windows,64-bit,0,ThinNlight,14,1,No,No,53990,89999,40,4.9,7,0
722,Lenovo,IdeaPad,AMD,Ryzen 5,0,8,DDR4,512,0,Windows,64-bit,0,Casual,15.6,1,No,Yes,52990,78290,32,4.2,39,5
723,acer,Aspire,AMD,Ryzen 5,0,8,DDR4,512,0,Windows,64-bit,0,Casual,15.6,1,No,No,43990,52999,16,0.0,0,0
724,Lenovo,Ideapad,AMD,Ryzen 5,0,8,DDR4,512,0,Windows,64-bit,4,Gaming,15.6,0,No,No,59490,89490,33,4.5,92,10
725,MSI,Bravo,AMD,Ryzen 5,0,8,DDR4,512,0,Windows,64-bit,4,Casual,15.6,0,No,No,64990,83990,22,4.5,469,80
726,DELL,Vostro,AMD,Ryzen 5,0,8,DDR4,512,0,Windows,64-bit,0,ThinNlight,14,0,No,No,47490,61740,23,2.5,2,1
727,HP,HP,AMD,Ryzen 5,0,8,DDR4,512,0,Windows,64-bit,4,Casual,15.6,1,No,No,59990,76020,21,4.4,1978,188
728,Lenovo,Legion,AMD,Ryzen 5,0,8,DDR4,512,0,Windows,64-bit,4,Casual,15.6,0,No,No,69990,107690,35,4.3,9,0
729,HP,15-ec1105AX,AMD,Ryzen 5,0,8,DDR4,512,0,Windows,64-bit,4,Casual,15.6,1,No,No,58990,70172,15,4.5,1049,134
730,DELL,Vostro,AMD,Ryzen 5,0,8,DDR4,512,0,Windows,64-bit,0,ThinNlight,14,1,No,No,59490,61060,2,4.6,74,18
731,HP,Pavilion,AMD,Ryzen 5,0,16,DDR4,512,0,Windows,64-bit,0,ThinNlight,15.6,1,No,Yes,67500,75049,10,4.4,196,19
732,HP,Ryzen,AMD,Ryzen 5,0,8,DDR4,512,0,Windows,32-bit,0,Casual,15.6,0,No,No,48990,60959,19,4.6,17,1
733,ASUS,VivoBook,AMD,Ryzen 5,0,8,DDR4,512,0,Windows,64-bit,0,Casual,14,1,Yes,Yes,62450,74990,16,4.4,172,36
734,ASUS,VivoBook,AMD,Ryzen 5,0,8,DDR4,512,0,Windows,64-bit,0,Casual,14,1,No,No,58990,73990,20,4.4,324,34
735,ASUS,APU,AMD,Quad,10,4,DDR4,0,512,DOS,32-bit,0,Casual,Missing,0,No,No,19990,23390,14,4.0,2887,476
736,HP,Pavilion,AMD,Ryzen 5,0,8,DDR4,512,0,Windows,64-bit,0,ThinNlight,15.6,1,No,Yes,57999,70419,17,4.5,86,15
737,ASUS,VivoBook,AMD,Ryzen 5,0,16,DDR4,512,0,Windows,64-bit,0,Casual,15.6,0,No,No,56990,80990,29,4.8,4,1
738,HP,Pavilion,AMD,Ryzen 5,0,8,DDR4,512,0,Windows,64-bit,4,Casual,15.6,1,No,Yes,72990,87717,16,4.7,16,4
739,HP,Pavilion,AMD,Ryzen 5,0,16,DDR4,512,0,Windows,64-bit,0,Casual,13.3,1,No,Yes,65990,89992,26,4.4,104,18
740,HP,Envy,AMD,Ryzen 5,0,16,DDR4,512,0,Windows,64-bit,0,Casual,13.3,1,Yes,Yes,98020,0,0,0.0,0,0
741,HP,Pavilion,AMD,Ryzen 5,0,16,DDR4,512,0,Windows,64-bit,2,Casual,14,1,No,Yes,63990,74839,14,4.2,90,13
742,ASUS,Ryzen,AMD,Ryzen 5,0,8,DDR4,512,0,Windows,32-bit,0,ThinNlight,15.6,1,No,Yes,49890,69990,28,4.7,6,1
743,DELL,Inspiron,AMD,Ryzen 5,0,8,DDR4,512,0,Windows,64-bit,0,ThinNlight,15.6,1,No,Yes,49990,66161,24,4.4,47,7
744,DELL,Vostro,AMD,Ryzen 5,0,8,DDR4,512,0,Windows,64-bit,0,ThinNlight,14,1,No,Yes,59490,65566,9,0.0,0,0
745,HP,Envy,AMD,Ryzen 5,0,8,DDR4,512,0,Windows,64-bit,0,Casual,13.3,1,Yes,Yes,73999,88840,16,4.6,206,27
746,DELL,Inspiron,AMD,Ryzen 5,0,4,DDR4,512,0,Windows,64-bit,0,ThinNlight,Missing,1,No,Yes,60990,67861,10,4.4,183,42
747,DELL,G5,AMD,Ryzen 5,0,4,DDR4,512,0,Windows,64-bit,6,Casual,Missing,0,No,No,76190,80996,5,4.4,358,64
748,Lenovo,Yoga,AMD,Ryzen 5,0,4,LPDDR4X,512,0,Windows,64-bit,0,ThinNlight,16,3,Yes,Yes,74798,104890,28,0.0,0,0
749,ASUS,VivoBook,AMD,Ryzen 5,0,4,DDR4,512,0,Windows,64-bit,0,Casual,Missing,1,No,No,58990,73990,20,4.3,88,13
750,HP,Ryzen,AMD,Ryzen 5,0,4,DDR4,512,0,Windows,32-bit,4,Casual,Missing,0,No,No,68100,78900,13,0.0,0,0
751,Lenovo,Yoga,AMD,Ryzen 5,0,4,DDR4,512,0,Windows,64-bit,0,ThinNlight,16,1,Yes,Yes,77990,104890,25,0.0,0,0
752,HP,Pavilion,AMD,Ryzen 5,0,4,DDR4,512,0,Windows,64-bit,0,ThinNlight,Missing,1,No,Yes,55090,67931,18,4.4,364,52
753,ASUS,Zenbook,AMD,Ryzen 5,0,4,LPDDR4X,512,0,Windows,64-bit,0,Casual,16,0,Yes,No,91990,116990,21,0.0,0,0
754,HP,Pavilion,AMD,Ryzen 5,0,4,DDR4,512,0,Windows,64-bit,0,Casual,16,1,No,Yes,84208,0,0,0.0,0,0
755,acer,Aspire,AMD,Ryzen 5,0,4,DDR4,512,0,Windows,64-bit,0,Casual,Missing,1,No,No,44990,56990,21,4.4,313,39
756,HP,15s,AMD,Ryzen 5,0,4,DDR4,512,0,Windows,64-bit,0,ThinNlight,Missing,1,No,Yes,53490,59990,10,4.4,826,118
757,Lenovo,Legion,AMD,Ryzen 5,0,4,DDR4,512,0,Windows,64-bit,4,Casual,Missing,0,No,No,76498,107690,28,0.0,0,0
758,DELL,Ryzen,AMD,Ryzen 5,0,4,DDR4,512,0,Windows,64-bit,4,Casual,Missing,1,No,No,98920,101681,2,0.0,0,0
759,MSI,Modern,AMD,Ryzen 5,0,4,DDR4,512,0,Windows,64-bit,0,Casual,Missing,0,No,No,54990,69990,21,4.4,1410,203
760,acer,Aspire,AMD,Ryzen 5,0,4,DDR4,512,0,Windows,64-bit,0,Casual,Missing,1,No,No,49990,72990,31,4.4,47,6
761,HP,Ryzen,AMD,Ryzen 5,0,4,DDR4,512,0,Windows,32-bit,0,Casual,Missing,0,No,No,52380,58500,10,0.0,0,0
762,acer,Aspire,AMD,Ryzen 5,0,4,DDR4,512,0,Windows,64-bit,0,ThinNlight,Missing,1,No,No,49990,64990,23,4.5,6,1
763,HP,14s,AMD,Ryzen 5,0,4,DDR4,512,0,Windows,64-bit,0,ThinNlight,Missing,1,No,Yes,52500,60000,12,4.3,741,67
764,Vaio,E,AMD,Ryzen 5,0,4,DDR4,512,0,Windows,64-bit,0,ThinNlight,Missing,2,No,Yes,49590,66990,25,4.1,700,144
765,ASUS,Ryzen,AMD,Ryzen 5,0,4,DDR4,512,0,Windows,64-bit,0,ThinNlight,Missing,1,No,Yes,49990,64990,23,4.5,14,2
766,acer,Aspire,AMD,Ryzen 5,0,4,DDR4,512,0,Windows,64-bit,0,ThinNlight,Missing,1,No,No,75999,0,0,0.0,0,0
767,ASUS,AMD,AMD,Ryzen 5,0,4,DDR4,512,0,Windows,64-bit,0,Casual,16,1,No,No,80990,104990,22,0.0,0,0
768,Lenovo,IDEAPAD,AMD,Ryzen 5,0,4,DDR4,512,0,Windows,32-bit,0,Casual,Missing,1,No,No,59900,62200,3,3.7,3,0
769,HP,15s,AMD,Ryzen 5,0,4,DDR4,512,0,Windows,64-bit,0,ThinNlight,Missing,1,No,Yes,54590,59990,9,4.4,349,69
770,DELL,Inspiron,AMD,Ryzen 5,0,4,DDR4,512,0,Windows,64-bit,0,Casual,Missing,1,Yes,Yes,75500,93461,19,0.0,0,0
771,HP,Ryzen,AMD,Ryzen 5,0,8,DDR4,512,0,Windows,64-bit,0,ThinNlight,15.6,1,No,Yes,51890,58657,11,4.3,519,48
772,ASUS,VivoBook,AMD,Ryzen 5,0,16,DDR4,512,0,Windows,64-bit,0,Casual,17.3,1,No,No,78000,78990,1,2.7,3,0
773,Vaio,E,AMD,Ryzen 5,0,8,DDR4,512,0,Windows,64-bit,0,ThinNlight,15.6,2,No,Yes,50990,66990,23,4.1,700,144
774,HP,Pavilion,AMD,Ryzen 5,0,16,DDR4,512,0,Windows,64-bit,0,ThinNlight,14,1,No,Yes,59999,74839,19,4.1,19,1
775,HP,Pavilion,AMD,Ryzen 5,0,8,DDR4,512,0,Windows,64-bit,4,Gaming,15.6,1,No,Yes,64990,69990,7,3.8,8,1
776,DELL,Ryzen,AMD,Ryzen 5,0,4,DDR4,1024,0,Windows,32-bit,0,Casual,Missing,0,No,No,57900,78900,26,4.7,3,1
777,Lenovo,Yoga,AMD,Ryzen 5,0,4,LPDDR4X,1024,0,Windows,64-bit,0,ThinNlight,16,3,Yes,Yes,81978,123090,33,0.0,0,0
778,HP,Pavilion,AMD,Ryzen 5,0,4,DDR4,0,1024,Windows,64-bit,4,Gaming,Missing,1,No,No,59990,68192,12,4.1,1480,151
779,DELL,Inspiron,AMD,Ryzen 5,0,8,DDR4,256,1024,Windows,64-bit,0,Casual,15.6,0,No,No,49490,66396,25,4.0,31,3
780,ASUS,VivoBook,AMD,Ryzen 5,0,8,DDR4,256,1024,Windows,64-bit,0,Casual,15.6,1,No,No,54990,78990,30,4.5,18,3
781,Lenovo,Legion,AMD,Ryzen 5,0,8,DDR4,256,1024,Windows,64-bit,4,Casual,15.6,0,No,No,68500,90890,24,4.5,271,24
782,ASUS,VivoBook,AMD,Ryzen 5,0,8,DDR4,256,1024,Windows,64-bit,0,Casual,15.6,1,No,No,54990,78990,30,4.6,49,6
783,ASUS,VivoBook,AMD,Ryzen 5,0,8,DDR4,256,1024,Windows,32-bit,0,Casual,15.6,1,No,Yes,54990,78990,30,4.4,474,65
784,Lenovo,Ideapad,AMD,Ryzen 5,0,8,DDR4,256,1024,Windows,64-bit,0,Gaming,15.6,1,No,Yes,63990,85290,24,4.5,861,116
785,HP,Pavilion,AMD,Ryzen 5,0,4,DDR4,256,1024,Windows,64-bit,4,Gaming,Missing,1,No,No,80000,83085,3,4.6,34,6
786,DELL,Ryzen,AMD,Ryzen 5,0,4,DDR4,256,1024,Windows,32-bit,0,Casual,Missing,0,No,No,51990,66560,21,0.0,0,0
787,ASUS,VivoBook,AMD,Ryzen 5,0,4,DDR4,256,1024,Windows,64-bit,0,Casual,Missing,1,No,Yes,62990,74990,16,4.2,165,34
788,HP,Ryzen,AMD,Ryzen 5,0,4,DDR4,256,1024,Windows,64-bit,0,ThinNlight,Missing,1,No,No,52990,57331,7,4.4,698,74
789,ASUS,Ryzen,AMD,Ryzen 5,0,4,DDR4,256,1024,Windows,64-bit,0,ThinNlight,Missing,1,No,Yes,75100,75500,0,0.0,0,0
790,ASUS,ASUS,AMD,Ryzen 7,0,16,DDR4,512,0,Windows,32-bit,4,Gaming,17.3,0,No,No,76990,106990,28,4.8,22,3
791,ASUS,Ryzen,AMD,Ryzen 7,0,16,DDR4,512,0,Windows,64-bit,4,Casual,14,1,No,No,79990,131990,39,0.0,0,0
792,ASUS,ROG,AMD,Ryzen 7,0,8,DDR4,512,0,Windows,64-bit,4,Casual,15.6,0,No,No,71990,90990,20,4.5,144,16
793,ASUS,ROG,AMD,Ryzen 7,0,8,DDR4,512,0,Windows,64-bit,4,Casual,15.6,0,No,No,71990,90990,20,4.5,1810,235
794,Lenovo,Lenovo,AMD,Ryzen 7,0,16,DDR4,512,0,Windows,64-bit,4,Casual,15.6,1,No,Yes,99990,138490,27,4.6,26,1
795,ASUS,Ryzen,AMD,Ryzen 7,0,16,DDR4,512,0,Windows,64-bit,0,Casual,14,1,No,No,79990,129990,38,0.0,0,0
796,DELL,Ryzen,AMD,Ryzen 7,0,16,DDR4,512,0,Windows,64-bit,4,Casual,15.6,1,No,No,93990,123540,23,0.0,0,0
797,ASUS,ASUS,AMD,Ryzen 7,0,16,DDR4,512,0,Windows,64-bit,4,Gaming,17.3,0,No,No,82990,107990,23,4.6,1067,145
798,ASUS,ROG,AMD,Ryzen 7,0,4,DDR5,512,0,Windows,64-bit,4,Casual,16,0,No,No,106990,132990,19,0.0,0,0
799,ASUS,VivoBook,AMD,Ryzen 7,0,4,DDR4,512,0,Windows,64-bit,0,Casual,16,1,No,No,92990,129990,28,4.7,25,4
800,Lenovo,IdeaPad,Intel,Ryzen 7,0,4,DDR4,512,0,Windows,32-bit,4,Casual,16,3,No,Yes,81490,137000,40,0.0,0,0
801,ASUS,VivoBook,AMD,Ryzen 7,0,4,DDR4,512,0,Windows,64-bit,0,Casual,16,1,No,Yes,56990,74990,24,0.0,0,0
802,MSI,Modern,AMD,Ryzen 7,0,4,DDR4,512,0,Windows,64-bit,0,Casual,Missing,0,No,No,64990,78990,17,0.0,0,0
803,Lenovo,Ideapad,AMD,Ryzen 7,0,4,DDR4,512,0,Windows,64-bit,0,Casual,Missing,1,No,Yes,60990,0,0,4.4,530,69
804,Lenovo,Ryzen,AMD,Ryzen 7,0,4,DDR4,512,0,Windows,64-bit,4,Casual,16,1,No,Yes,84988,111890,24,0.0,0,0
805,HP,Pavilion,AMD,Ryzen 7,0,4,DDR4,512,0,Windows,64-bit,4,Casual,16,1,No,No,90990,103215,11,4.6,273,40
806,Vaio,E,AMD,Ryzen 7,0,4,DDR4,512,0,Windows,64-bit,0,ThinNlight,Missing,2,No,Yes,56990,76090,25,3.8,139,26
807,ASUS,VivoBook,AMD,Ryzen 7,0,4,DDR4,512,0,Windows,64-bit,0,Casual,Missing,1,No,No,63990,67551,5,4.2,77,7
808,Lenovo,Ideapad,AMD,Ryzen 7,0,4,DDR4,512,0,Windows,64-bit,0,Casual,Missing,1,No,Yes,63990,85290,24,4.4,105,10
809,HP,Ryzen,AMD,Ryzen 7,0,4,DDR4,512,0,Windows,64-bit,0,ThinNlight,Missing,1,No,Yes,57999,73625,21,4.1,44,5
810,ASUS,Ryzen,AMD,Ryzen 7,0,4,DDR4,512,0,Windows,32-bit,4,Casual,Missing,0,No,No,72400,114000,36,0.0,0,0
811,Lenovo,Yoga,AMD,Ryzen 7,0,4,DDR4,512,0,Windows,64-bit,0,Casual,16,1,Yes,No,78990,125888,37,4.7,6,0
812,acer,Aspire,AMD,Ryzen 7,0,4,DDR4,512,0,Windows,64-bit,0,ThinNlight,Missing,1,No,No,59990,79999,25,0.0,0,0
813,ASUS,ROG,AMD,Ryzen 7,0,4,DDR5,512,0,Windows,32-bit,4,Casual,16,1,No,No,111990,132990,15,0.0,0,0
814,HP,Ryzen,AMD,Ryzen 7,0,4,DDR4,512,0,Windows,32-bit,0,Casual,16,0,Yes,No,109000,128000,14,0.0,0,0
815,DELL,G5,AMD,Ryzen 7,0,4,DDR4,512,0,Windows,64-bit,6,Casual,16,0,No,No,89990,99067,9,4.1,191,27
816,Lenovo,Yoga,AMD,Ryzen 7,0,4,DDR4,512,0,Windows,64-bit,0,Casual,16,3,Yes,Yes,78988,114690,31,0.0,0,0
817,Lenovo,Ryzen,AMD,Ryzen 7,0,4,DDR4,512,0,Windows,64-bit,4,Casual,16,0,No,No,73138,112990,35,3.0,4,1
818,Lenovo,Ryzen,AMD,Ryzen 7,0,4,DDR4,512,0,Windows,64-bit,4,Casual,16,1,No,No,106990,152490,29,0.0,0,0
819,ASUS,Ryzen,AMD,Ryzen 7,0,4,DDR4,512,0,Windows,32-bit,4,Casual,Missing,0,No,No,79990,96990,17,0.0,0,0
820,DELL,Inspiron,AMD,Ryzen 7,0,4,DDR4,512,0,Windows,64-bit,0,Casual,16,1,Yes,Yes,89570,111529,19,0.0,0,0
821,HP,15s,AMD,Ryzen 7,0,4,DDR4,512,0,Windows,64-bit,0,ThinNlight,Missing,1,No,Yes,68500,72000,4,4.5,134,22
822,Lenovo,Ideapad,AMD,Ryzen 7,0,16,DDR4,512,0,Windows,64-bit,0,Casual,14,1,No,No,73400,108590,32,0.0,0,0
823,Vaio,E,AMD,Ryzen 7,0,8,DDR4,512,0,Windows,64-bit,0,ThinNlight,15.6,2,No,Yes,57990,76090,23,3.8,139,26
824,HP,Pavilion,AMD,Ryzen 7,0,16,DDR4,512,0,Windows,64-bit,2,Casual,14,1,No,Yes,79990,86352,7,3.5,23,6
825,HP,Pavilion,AMD,Ryzen 7,0,16,DDR4,512,0,Windows,64-bit,4,Gaming,15.6,1,No,Yes,84990,111108,23,2.8,4,2
826,MSI,Alpha,AMD,Ryzen 7,0,16,DDR4,1024,0,Windows,64-bit,8,Casual,15.6,1,No,No,99990,145990,31,4.7,108,24
827,ASUS,ROG,AMD,Ryzen 7,0,8,LPDDR4X,1024,0,Windows,64-bit,4,Casual,14,0,No,No,72990,123990,41,4.6,198,24
828,HP,HP,AMD,Ryzen 7,0,16,DDR4,1024,0,Windows,64-bit,0,ThinNlight,13.3,1,Yes,Yes,92990,112671,17,0.0,0,0
829,HP,Pavilion,AMD,Ryzen 7,0,16,DDR4,1024,0,Windows,64-bit,0,ThinNlight,13.3,1,No,Yes,84190,109566,23,0.0,0,0
830,ASUS,Zenbook,AMD,Ryzen 7,0,16,LPDDR4X,1024,0,Windows,64-bit,0,Casual,14,0,Yes,No,112990,140990,19,0.0,0,0
831,ASUS,ROG,AMD,Ryzen 7,0,4,DDR5,1024,0,Windows,32-bit,4,Casual,16,1,No,No,114990,145990,21,0.0,0,0
832,acer,Swift,AMD,Ryzen 7,0,4,DDR4,1024,0,Windows,64-bit,4,Casual,16,1,No,No,99990,139999,28,0.0,0,0
833,ASUS,TUF,AMD,Ryzen 7,0,4,DDR4,1024,0,Windows,32-bit,4,Gaming,Missing,0,No,No,95990,105990,9,4.7,57,3
834,HP,OMEN,AMD,Ryzen 7,0,4,DDR4,1024,0,Windows,64-bit,8,Casual,16,1,No,No,159990,186348,14,4.8,17,2
835,ASUS,ROG,AMD,Ryzen 7,0,4,DDR4,1024,0,Windows,64-bit,0,Casual,Missing,1,No,Yes,76990,116990,34,0.0,0,0
836,Lenovo,Legion,AMD,Ryzen 7,0,4,DDR4,1024,0,Windows,64-bit,6,Casual,16,1,No,Yes,130990,181890,27,0.0,0,0
837,ASUS,VivoBook,AMD,Ryzen 7,0,4,DDR4,1024,0,Windows,64-bit,0,Casual,16,1,No,No,99990,137990,27,0.0,0,0
838,ASUS,ROG,AMD,Ryzen 7,0,4,DDR5,1024,0,Windows,64-bit,4,Casual,16,0,No,No,112990,142990,20,0.0,0,0
839,Lenovo,Ideapad,AMD,Ryzen 7,0,4,DDR4,1024,0,Windows,64-bit,0,Casual,16,1,No,Yes,77988,117290,33,0.0,0,0
840,ASUS,ROG,AMD,Ryzen 7,0,4,DDR4,1024,0,Windows,64-bit,0,Casual,Missing,1,No,Yes,76000,126990,40,5.0,1,1
841,ASUS,ROG,AMD,Ryzen 7,0,4,LPDDR4X,1024,0,Windows,64-bit,4,Casual,16,1,Yes,No,99990,162990,38,4.4,77,15
842,ASUS,Zephyrus,AMD,Ryzen 7,0,4,DDR4,1024,0,Windows,64-bit,0,Casual,Missing,1,No,No,111000,137990,19,0.0,0,0
843,ASUS,Ryzen,AMD,Ryzen 7,0,16,LPDDR4X,1024,0,Windows,64-bit,0,ThinNlight,13.3,1,No,Yes,84970,110990,23,3.0,2,1
844,HP,Pavilion,AMD,Ryzen 7,0,16,DDR4,256,1024,Windows,64-bit,4,Gaming,15.6,1,No,Yes,75990,93564,18,4.5,1084,123
845,acer,Nitro,AMD,Ryzen 7,0,16,DDR4,256,1024,Windows,64-bit,6,Casual,15.6,1,No,No,89990,119990,25,4.4,272,36
846,acer,Nitro,AMD,Ryzen 7,0,16,DDR4,256,1024,Windows,64-bit,4,Casual,15.6,0,No,No,81990,119900,31,4.5,141,24
847,Lenovo,Ryzen,AMD,Ryzen 7,0,4,DDR4,512,1024,Windows,32-bit,0,Casual,16,0,No,No,80490,118898,32,0.0,0,0
848,ASUS,ROG,AMD,Ryzen 9,0,16,DDR4,1024,0,Windows,64-bit,6,Casual,15.6,1,No,No,135990,183990,26,0.0,0,0
849,ASUS,ROG,AMD,Ryzen 9,0,16,DDR4,1024,0,Windows,32-bit,0,Casual,15.6,1,No,No,154990,207990,25,4.6,194,42
850,ASUS,ROG,AMD,Ryzen 9,0,16,DDR4,1024,0,Windows,64-bit,8,Casual,15.6,1,No,Yes,199990,259990,23,4.7,9,2
851,ASUS,ROG,AMD,Ryzen 9,0,16,DDR4,1024,0,Windows,64-bit,4,Casual,15.6,0,No,No,114990,162990,29,4.6,28,4
852,ASUS,ROG,AMD,Ryzen 9,0,16,DDR4,1024,0,Windows,64-bit,6,Casual,15.6,1,No,Yes,129990,187990,30,4.3,204,35
853,ASUS,ROG,AMD,Ryzen 9,0,16,LPDDR4X,1024,0,Windows,64-bit,4,Casual,13.4,1,Yes,Yes,114990,175990,34,4.3,32,6
854,MSI,Delta,AMD,Ryzen 9,0,4,DDR4,1024,0,Windows,64-bit,0,Casual,16,0,No,No,146990,188990,22,0.0,0,0
855,ASUS,VivoBook,AMD,Ryzen 9,0,4,DDR4,1024,0,Windows,64-bit,0,Casual,16,1,No,No,104990,142990,26,4.5,14,2
856,ASUS,ROG,AMD,Ryzen 9,0,4,LPDDR4X,1024,0,Windows,64-bit,4,Casual,16,1,Yes,No,114990,181990,36,4.7,14,1
857,ASUS,ROG,AMD,Ryzen 9,0,4,LPDDR4X,1024,0,Windows,64-bit,4,Casual,16,1,Yes,Yes,124990,175990,28,5.0,3,0
858,ASUS,Zenbook,AMD,Ryzen 9,0,4,LPDDR4X,1024,0,Windows,64-bit,0,Casual,16,0,Yes,No,134990,170990,21,0.0,0,0
859,HP,OMEN,AMD,Ryzen 9,0,4,DDR4,1024,0,Windows,64-bit,8,Casual,16,1,No,Yes,141990,163739,13,0.0,0,0
860,ASUS,Rog,AMD,Ryzen 9,0,4,DDR4,1024,0,Windows,64-bit,0,Casual,16,1,No,No,129990,166990,22,0.0,0,0
861,ASUS,ROG,AMD,Ryzen 9,0,4,LPDDR4X,1024,0,Windows,64-bit,4,Casual,Missing,1,Yes,Yes,142990,201990,29,4.0,4,1
862,ASUS,Zephyrus,AMD,Ryzen 9,0,4,DDR4,1024,0,Windows,64-bit,0,Casual,16,1,No,No,121990,155990,21,0.0,0,0
863,ASUS,ROG,AMD,Ryzen 9,0,4,LPDDR4X,1024,0,Windows,64-bit,4,Casual,Missing,1,Yes,Yes,124990,194990,35,4.2,44,12
864,ASUS,ROG,AMD,Ryzen 9,0,4,DDR4,1024,0,Windows,64-bit,6,Casual,16,0,No,No,141990,189990,25,4.2,61,13
865,ASUS,VivoBook,AMD,Ryzen 9,0,4,DDR4,1024,0,Windows,64-bit,4,Casual,16,1,No,No,162990,0,0,0.0,0,0
866,ASUS,VivoBook,AMD,Ryzen 9,0,4,DDR4,1024,0,Windows,64-bit,0,Casual,16,1,No,No,130500,162990,19,0.0,0,0
867,ASUS,VivoBook,AMD,Ryzen 9,0,4,DDR4,1024,0,Windows,64-bit,4,Casual,Missing,0,No,No,116990,149990,22,0.0,0,0
868,ASUS,Ryzen,AMD,Ryzen 9,0,4,DDR4,1024,0,Windows,32-bit,6,Casual,16,0,No,No,138990,210990,34,0.0,0,0
869,ASUS,ROG,AMD,Ryzen 9,0,4,LPDDR4X,1024,0,Windows,64-bit,4,Casual,Missing,1,Yes,Yes,234990,350990,33,0.0,0,0
870,ASUS,ROG,AMD,Ryzen 9,0,4,DDR4,1024,0,Windows,64-bit,0,Casual,16,1,No,No,135990,172990,21,0.0,0,0
871,ASUS,ROG,AMD,Ryzen 9,0,4,DDR4,1024,0,Windows,64-bit,0,Casual,16,1,No,No,144990,194990,25,0.0,0,0
872,ASUS,Ryzen,AMD,Ryzen 9,0,4,DDR4,1024,0,Windows,64-bit,4,Casual,Missing,1,No,No,149990,0,0,0.0,0,0
873,ASUS,Ryzen,AMD,Ryzen 9,0,4,DDR4,1024,0,Windows,64-bit,4,Casual,16,1,No,No,142990,0,0,0.0,0,0
874,SAMSUNG,Galaxy,Qualcomm,Snapdragon 7c,0,4,LPDDR4X,0,512,Windows,32-bit,0,Casual,Missing,0,No,No,38990,47990,18,0.0,0,0
875,Lenovo,Thinkpad,AMD,Ryzen 5,10,8,DDR4,512,0,DOS,64-bit,0,ThinNlight,14,0,No,No,57490,78400,26,4.2,18,4
